Shimmer_3B52_TimestampSync_FormattedUnix_CAL,Shimmer_3B52_Accel_LN_X_CAL,Shimmer_3B52_Accel_LN_Y_CAL,Shimmer_3B52_Accel_LN_Z_CAL,Shimmer_3B52_Accel_WR_X_CAL,Shimmer_3B52_Accel_WR_Y_CAL,Shimmer_3B52_Accel_WR_Z_CAL,Shimmer_3B52_GSR_Range_CAL,Shimmer_3B52_GSR_Skin_Conductance_CAL,Shimmer_3B52_GSR_Skin_Resistance_CAL,Shimmer_3B52_Gyro_X_CAL,Shimmer_3B52_Gyro_Y_CAL,Shimmer_3B52_Gyro_Z_CAL,Shimmer_3B52_Mag_X_CAL,Shimmer_3B52_Mag_Y_CAL,Shimmer_3B52_Mag_Z_CAL,Shimmer_3B52_PPG_A13_CAL,time
2023/06/29 14:15:20,8.239130435,0.7934782609,8.130434783,7.008976661,-1.211250748,7.272292041,1,10.9430639,91.38208537,-0.4122137405,1.145038168,-0.1832061069,-0.2788605697,0.08395802099,-0.2818590705,1421.978022,920
2023/06/29 14:15:21,8.217391304,0.7934782609,8.195652174,7.068821065,-1.244763615,7.248354279,1,11.01453715,90.78910776,-0.2595419847,1.190839695,-1.083969466,-0.2713643178,0.08395802099,-0.2698650675,1418.315018,921
2023/06/29 14:15:21,8.260869565,0.8152173913,8.141304348,7.059245961,-1.223219629,7.231597846,1,11.08090516,90.24533518,-0.7022900763,0.9618320611,-1.34351145,-0.2788605697,0.08095952024,-0.2743628186,1417.582418,921
2023/06/29 14:15:21,8.25,0.847826087,8.119565217,7.049670856,-1.208856972,7.238779174,1,11.13706271,89.79028192,-0.7786259542,0.4580152672,-1.251908397,-0.2743628186,0.08245877061,-0.2698650675,1421.245421,921
2023/06/29 14:15:21,8.22826087,0.8804347826,8.141304348,7.099940156,-1.242369838,7.245960503,1,11.18300979,89.42136499,-1.129770992,1.969465649,-1.038167939,-0.2803598201,0.08245877061,-0.2803598201,1418.315018,921
2023/06/29 14:15:21,8.304347826,0.8260869565,8.163043478,7.061639737,-1.20406942,7.243566727,1,11.17279933,89.5030843,-1.175572519,0.9923664122,-1.190839695,-0.2803598201,0.09145427286,-0.275862069,1416.849817,921
2023/06/29 14:15:22,8.25,0.847826087,8.163043478,7.054458408,-1.206463196,7.253141831,1,11.14216794,89.74914089,-0.3511450382,0.6259541985,-0.320610687,-0.2788605697,0.08845577211,-0.2728635682,1416.117216,922
2023/06/29 14:15:22,8.25,0.8043478261,8.163043478,7.068821065,-1.199281867,7.238779174,1,11.09111562,90.16225547,-0.7633587786,1.557251908,-0.7328244275,-0.2863568216,0.09145427286,-0.2623688156,1415.384615,922
2023/06/29 14:15:22,8.22826087,0.8913043478,8.173913043,7.073608618,-1.199281867,7.229204069,1,11.02985284,90.66304096,-1.083969466,1.786259542,-0.106870229,-0.2863568216,0.08845577211,-0.2818590705,1415.384615,922
2023/06/29 14:15:22,8.260869565,0.8586956522,8.184782609,7.066427289,-1.18491921,7.217235189,1,10.97369529,91.12700628,-0.9007633588,1.251908397,-0.8091603053,-0.2863568216,0.08695652174,-0.2743628186,1410.989011,922
2023/06/29 14:15:22,8.260869565,0.8369565217,8.141304348,7.061639737,-1.196888091,7.238779174,1,10.90732728,91.68148842,-0.7938931298,1.038167939,-0.9007633588,-0.2818590705,0.08095952024,-0.2788605697,1413.186813,922
2023/06/29 14:15:23,8.239130435,0.847826087,8.141304348,7.044883303,-1.208856972,7.250748055,1,10.85627497,92.11262638,-0.2595419847,1.251908397,-0.6870229008,-0.275862069,0.08845577211,-0.263868066,1413.919414,923
2023/06/29 14:15:23,8.25,0.847826087,8.184782609,7.071214841,-1.187312986,7.219628965,1,10.79501219,92.63537479,-0.8854961832,1.572519084,-1.007633588,-0.2803598201,0.08545727136,-0.2698650675,1410.989011,923
2023/06/29 14:15:23,8.27173913,0.8043478261,8.152173913,7.049670856,-1.189706762,7.236385398,1,10.75927557,92.9430605,-0.6564885496,1.572519084,-0.5038167939,-0.2803598201,0.08395802099,-0.2773613193,1417.582418,923
2023/06/29 14:15:23,8.27173913,0.8152173913,8.119565217,7.044883303,-1.201675643,7.265110712,1,10.75927557,92.9430605,-0.6717557252,1.083969466,-0.4580152672,-0.2818590705,0.08095952024,-0.275862069,1420.512821,923
2023/06/29 14:15:23,8.282608696,0.8152173913,8.163043478,7.080789946,-1.20406942,7.229204069,1,10.80522265,92.54783841,-2.290076336,1.694656489,-1.984732824,-0.2863568216,0.07796101949,-0.2788605697,1418.315018,923
2023/06/29 14:15:24,8.304347826,0.8260869565,8.152173913,6.994614004,-1.206463196,7.312986236,1,10.88180113,91.89655172,0,0.213740458,-0.5648854962,-0.287856072,0.08395802099,-0.2818590705,1421.245421,924
2023/06/29 14:15:24,8.260869565,0.847826087,8.217391304,7.052064632,-1.196888091,7.250748055,1,10.96348483,91.21187427,-0.427480916,1.496183206,-0.6106870229,-0.2713643178,0.08695652174,-0.2803598201,1413.186813,924
2023/06/29 14:15:24,8.326086957,0.8152173913,8.173913043,7.07839617,-1.189706762,7.224416517,1,11.01964238,90.74704656,-0.8091603053,1.557251908,-0.3816793893,-0.2818590705,0.07946026987,-0.2743628186,1413.919414,924
2023/06/29 14:15:24,8.239130435,0.8586956522,8.141304348,7.040095751,-1.163375224,7.236385398,1,11.04516854,90.53732378,-0.9465648855,1.06870229,-0.04580152672,-0.287856072,0.08395802099,-0.2833583208,1414.652015,924
2023/06/29 14:15:24,8.27173913,0.8260869565,8.173913043,7.102333932,-1.20406942,7.219628965,1,11.03495807,90.62109646,-1.190839695,1.145038168,-0.9465648855,-0.2863568216,0.08245877061,-0.2743628186,1414.652015,924
2023/06/29 14:15:25,8.282608696,0.847826087,8.152173913,7.076002394,-1.187312986,7.233991622,1,11.00943192,90.83120798,-0.534351145,0.9007633588,-0.8396946565,-0.2848575712,0.06446776612,-0.2743628186,1419.047619,925
2023/06/29 14:15:25,8.239130435,0.847826087,8.119565217,7.068821065,-1.18491921,7.245960503,1,10.96859006,91.16942053,-0.6564885496,1.282442748,-1.221374046,-0.2803598201,0.07346326837,-0.2773613193,1422.710623,925
2023/06/29 14:15:25,8.315217391,0.8043478261,8.184782609,7.049670856,-1.163375224,7.253141831,1,10.91753775,91.59574468,-0.06106870229,0.1526717557,-0.4122137405,-0.287856072,0.07346326837,-0.2713643178,1414.652015,925
2023/06/29 14:15:25,8.260869565,0.8586956522,8.130434783,7.040095751,-1.146618791,7.233991622,1,10.8613802,92.0693302,-0.7175572519,0.7175572519,-0.7328244275,-0.2743628186,0.08695652174,-0.2743628186,1419.047619,925
2023/06/29 14:15:25,8.27173913,0.847826087,8.195652174,7.068821065,-1.192100539,7.243566727,1,10.80011742,92.59158591,-0.1984732824,1.129770992,-0.9465648855,-0.2743628186,0.07496251874,-0.2788605697,1416.849817,925
2023/06/29 14:15:26,8.260869565,0.8369565217,8.152173913,7.054458408,-1.175344105,7.233991622,1,10.75417034,92.98718253,-0.7022900763,0.7938931298,-0.7633587786,-0.2773613193,0.07046476762,-0.2668665667,1420.512821,926
2023/06/29 14:15:26,8.22826087,0.8586956522,8.152173913,7.066427289,-1.194494315,7.250748055,1,10.72864418,93.20842256,-0.8854961832,1.175572519,-1.34351145,-0.2848575712,0.07946026987,-0.275862069,1421.245421,926
2023/06/29 14:15:26,8.27173913,0.8695652174,8.152173913,7.068821065,-1.163375224,7.245960503,1,10.70311802,93.43071786,-0.6564885496,0.7938931298,-0.9007633588,-0.2848575712,0.07646176912,-0.2773613193,1422.710623,926
2023/06/29 14:15:26,8.22826087,0.847826087,8.163043478,7.064033513,-1.182525434,7.243566727,1,10.70311802,93.43071786,-1.129770992,1.328244275,-0.7786259542,-0.2803598201,0.07646176912,-0.2788605697,1419.78022,926
2023/06/29 14:15:26,8.25,0.847826087,8.152173913,7.066427289,-1.187312986,7.262716936,1,10.70311802,93.43071786,0.1221374046,0.7938931298,-0.8091603053,-0.275862069,0.07946026987,-0.2788605697,1421.978022,926
2023/06/29 14:15:27,8.25,0.8369565217,8.163043478,7.066427289,-1.18491921,7.233991622,1,10.69801279,93.47530422,-0.7480916031,1.236641221,-0.6106870229,-0.2848575712,0.07946026987,-0.2728635682,1418.315018,927
2023/06/29 14:15:27,8.27173913,0.8043478261,8.184782609,7.07839617,-1.187312986,7.229204069,1,10.68780233,93.56460473,-0.8244274809,0.7480916031,-1.251908397,-0.2788605697,0.08095952024,-0.2773613193,1413.186813,927
2023/06/29 14:15:27,8.260869565,0.902173913,8.119565217,7.102333932,-1.218432077,7.243566727,1,10.66227617,93.78860426,-0.8702290076,1.251908397,-0.8549618321,-0.2893553223,0.07946026987,-0.2833583208,1419.047619,927
2023/06/29 14:15:27,8.315217391,0.847826087,8.163043478,7.056852184,-1.180131658,7.26032316,1,10.62653955,94.10401153,-0.7633587786,1.083969466,-0.7328244275,-0.2803598201,0.08095952024,-0.2773613193,1417.582418,927
2023/06/29 14:15:27,8.239130435,0.8695652174,8.152173913,7.068821065,-1.196888091,7.245960503,1,10.59590816,94.37605396,-0.5190839695,1.419847328,-0.6870229008,-0.2728635682,0.08395802099,-0.2713643178,1420.512821,927
2023/06/29 14:15:28,8.27173913,0.8695652174,8.184782609,7.083183722,-1.194494315,7.233991622,1,10.54996107,94.7870796,-0.8549618321,1.129770992,-0.7328244275,-0.2788605697,0.08395802099,-0.2743628186,1413.186813,928
2023/06/29 14:15:28,8.25,0.7934782609,8.206521739,7.068821065,-1.187312986,7.24117295,1,10.50401399,95.20170109,-0.8091603053,0.7480916031,-1.297709924,-0.2773613193,0.07646176912,-0.2713643178,1409.52381,928
2023/06/29 14:15:28,8.260869565,0.9130434783,8.141304348,7.07839617,-1.192100539,7.245960503,1,10.4580669,95.61996583,-0.1984732824,0.9923664122,-0.7786259542,-0.2833583208,0.08545727136,-0.2668665667,1412.454212,928
2023/06/29 14:15:28,8.304347826,0.847826087,8.141304348,7.073608618,-1.163375224,7.233991622,1,10.41211982,96.04192204,-1.267175573,1.312977099,-0.8396946565,-0.2863568216,0.08395802099,-0.2698650675,1413.919414,928
2023/06/29 14:15:28,8.260869565,0.8369565217,8.152173913,7.066427289,-1.180131658,7.248354279,1,10.36617274,96.46761881,-0.8091603053,1.038167939,-0.7328244275,-0.2803598201,0.07796101949,-0.2698650675,1419.047619,928
2023/06/29 14:15:29,8.27173913,0.8586956522,8.141304348,7.056852184,-1.170556553,7.236385398,1,10.32022565,96.89710611,-1.145038168,1.679389313,-0.9160305344,-0.287856072,0.08395802099,-0.2713643178,1417.582418,929
2023/06/29 14:15:29,8.25,0.8260869565,8.173913043,7.066427289,-1.187312986,7.243566727,1,10.28448903,97.23380491,-0.9160305344,0.4122137405,-0.8854961832,-0.2698650675,0.08695652174,-0.2773613193,1416.117216,929
2023/06/29 14:15:29,8.27173913,0.902173913,8.152173913,7.107121484,-1.20406942,7.219628965,1,10.25896287,97.47574023,-1.20610687,1.969465649,-1.145038168,-0.287856072,0.07946026987,-0.2743628186,1419.78022,929
2023/06/29 14:15:29,8.293478261,0.847826087,8.152173913,7.049670856,-1.180131658,7.24117295,1,10.22322625,97.8164794,-0.7328244275,0.8702290076,-0.9160305344,-0.275862069,0.08245877061,-0.2788605697,1421.978022,929
2023/06/29 14:15:29,8.27173913,0.8586956522,8.163043478,7.04727708,-1.192100539,7.253141831,1,10.19770009,98.06132666,-0.3511450382,1.34351145,-0.4427480916,-0.2803598201,0.07796101949,-0.2788605697,1418.315018,929
2023/06/29 14:15:30,8.25,0.8695652174,8.163043478,7.080789946,-1.177737882,7.214841412,1,10.1670687,98.35676626,-0.7938931298,0.9770992366,-1.114503817,-0.2833583208,0.07196401799,-0.2743628186,1416.849817,930
2023/06/29 14:15:30,8.239130435,0.9239130435,8.184782609,7.054458408,-1.189706762,7.248354279,1,10.14154255,98.60432922,-0.6106870229,1.496183206,-0.106870229,-0.2848575712,0.08995502249,-0.275862069,1411.721612,930
2023/06/29 14:15:30,8.27173913,0.847826087,8.206521739,7.107121484,-1.218432077,7.226810293,1,10.12112162,98.80327869,-0.8091603053,1.190839695,-0.5038167939,-0.2773613193,0.08995502249,-0.275862069,1408.791209,930
2023/06/29 14:15:30,8.25,0.8586956522,8.173913043,7.07839617,-1.187312986,7.236385398,1,10.09559546,99.05309735,-0.7633587786,1.58778626,-0.641221374,-0.2818590705,0.08395802099,-0.2728635682,1411.721612,930
2023/06/29 14:15:30,8.304347826,0.8586956522,8.152173913,7.061639737,-1.194494315,7.257929384,1,10.08027977,99.20359585,-0.4427480916,1.145038168,-0.4732824427,-0.2848575712,0.07646176912,-0.275862069,1417.582418,930
2023/06/29 14:15:31,8.304347826,0.847826087,8.141304348,7.061639737,-1.172950329,7.24117295,1,10.05985884,99.40497336,-0.6259541985,1.145038168,-0.9160305344,-0.2923538231,0.08395802099,-0.275862069,1416.117216,931
2023/06/29 14:15:31,8.391304348,0.7391304348,8.25,7.068821065,-1.175344105,7.248354279,1,10.04964838,99.50596901,0.4580152672,1.938931298,-0.5648854962,-0.2743628186,0.07346326837,-0.2668665667,1406.593407,931
2023/06/29 14:15:31,8.184782609,0.847826087,8.391304348,7.064033513,-1.177737882,7.406343507,1,10.06496407,99.35455237,8.900763359,-0.1984732824,-0.5954198473,-0.2818590705,0.07796101949,-0.2773613193,1385.347985,931
2023/06/29 14:15:31,8.347826087,1.152173913,8.206521739,7.17893477,-0.9838420108,7.353680431,1,10.12112162,98.80327869,12.47328244,4.396946565,-1.328244275,-0.2833583208,0.07946026987,-0.2833583208,1396.336996,931
2023/06/29 14:15:31,8.032608696,1.315217391,8.326086957,6.918013166,-0.7588270497,7.332136445,1,10.20791056,97.96324081,9.847328244,5.419847328,0.5954198473,-0.2743628186,0.06896551724,-0.2848575712,1389.74359,931
2023/06/29 14:15:32,8,1.630434783,8.423913043,6.910831837,-0.4117295033,7.547576302,1,10.28448903,97.23380491,12.91603053,4.366412214,2.885496183,-0.2698650675,0.06446776612,-0.2803598201,1372.161172,932
2023/06/29 14:15:32,8.065217391,2.032608696,8.326086957,6.748055057,0.004787552364,7.418312388,1,10.34064658,96.70575167,11.46564885,3.633587786,10.03053435,-0.2743628186,0.06746626687,-0.2668665667,1378.754579,932
2023/06/29 14:15:32,8.152173913,1.934782609,8.413043478,6.850987433,0.1819269898,7.463794135,1,10.38659366,96.27795527,3.251908397,4.625954198,5.664122137,-0.2773613193,0.05997001499,-0.2743628186,1371.428571,932
2023/06/29 14:15:32,7.956521739,1.956521739,8.456521739,6.76481149,0.04548174746,7.645721125,1,10.44785644,95.71341314,0.3511450382,2.79389313,1.129770992,-0.2833583208,0.07046476762,-0.2743628186,1361.904762,932
2023/06/29 14:15:32,8.054347826,1.782608696,8.445652174,6.704967086,-0.06941950928,7.552363854,1,10.53975061,94.8789053,-4.244274809,-3.419847328,1.06870229,-0.2803598201,0.07046476762,-0.2713643178,1353.113553,932
2023/06/29 14:15:33,8.108695652,1.75,8.510869565,6.91561939,-0.1795332136,7.643327349,1,10.65717094,93.83353293,-7.419847328,1.511450382,-4.503816794,-0.2863568216,0.07196401799,-0.2683658171,1342.857143,933
2023/06/29 14:15:33,8.130434783,1.532608696,8.402173913,6.6834231,-0.3470975464,7.724715739,1,10.76948603,92.85494193,-3.72519084,1.740458015,-2.519083969,-0.2863568216,0.07946026987,-0.2473763118,1350.18315,933
2023/06/29 14:15:33,8.141304348,1.630434783,8.315217391,6.934769599,-0.3064033513,7.425493716,1,10.86648543,92.0260747,-4.167938931,0.5801526718,-3.190839695,-0.2953523238,0.09295352324,-0.2443778111,1363.369963,933
2023/06/29 14:15:33,8.152173913,1.673913043,8.27173913,6.918013166,-0.2776780371,7.37283064,1,10.93285344,91.46742937,-7.022900763,-1.267175573,-6.045801527,-0.2893553223,0.08395802099,-0.2458770615,1375.091575,933
2023/06/29 14:15:33,8.423913043,1.413043478,8.315217391,7.099940156,-0.3638539797,7.348892879,1,10.94816914,91.33947307,-6.870229008,0.4580152672,-6.977099237,-0.2893553223,0.07646176912,-0.2548725637,1375.824176,933
2023/06/29 14:15:34,8.25,1.456521739,7.945652174,7.107121484,-0.4045481747,7.219628965,1,10.92264298,91.55293293,-5.679389313,-2.305343511,-2.824427481,-0.2908545727,0.06596701649,-0.2653673163,1419.78022,934
2023/06/29 14:15:34,8,1.543478261,7.75,7.387193297,-0.4500299222,7.030520646,1,10.87159066,91.98285983,-11.67938931,-14.01526718,-0.9312977099,-0.2908545727,0.05247376312,-0.2743628186,1306.227106,934
2023/06/29 14:15:34,7.826086957,0.6630434783,7.684782609,9.160981448,-0.6415320168,6.941950928,1,10.81543312,92.46046731,-12.59541985,-13.9389313,-4.534351145,-0.3283358321,0.07196401799,-0.2533733133,1262.271062,934
2023/06/29 14:15:34,8.782608696,0.8369565217,7.565217391,7.506882107,-1.457809695,6.81508079,1,10.75417034,92.98718253,-1.86259542,-8.93129771,0.1832061069,-0.3313343328,0.07196401799,-0.2233883058,1258.608059,934
2023/06/29 14:15:34,8.826086957,0.8913043478,7.326086957,7.849192101,-1.283064034,6.343506882,1,10.68269709,93.609319,-1.190839695,2.030534351,0.4122137405,-0.3388305847,0.07496251874,-0.2263868066,1294.505495,934
2023/06/29 14:15:35,8.880434783,0.7391304348,7.445652174,7.753441053,-1.208856972,6.417713944,1,10.59590816,94.37605396,-0.1832061069,0.3969465649,-1.603053435,-0.3343328336,0.07196401799,-0.2293853073,1288.644689,935
2023/06/29 14:15:35,8.880434783,0.8586956522,7.413043478,7.751047277,-1.175344105,6.379413525,1,10.50911922,95.155453,-0.5190839695,1.847328244,-0.213740458,-0.3283358321,0.07346326837,-0.2323838081,1295.970696,935
2023/06/29 14:15:35,8.869565217,0.8369565217,7.423913043,7.751047277,-1.163375224,6.396169958,1,10.42743551,95.90085679,-1.053435115,1.541984733,-1.038167939,-0.3343328336,0.07046476762,-0.2338830585,1295.238095,935
2023/06/29 14:15:35,8.869565217,0.8369565217,7.434782609,7.791741472,-1.168162777,6.372232196,1,10.34575181,96.65803109,-0.8396946565,1.145038168,-1.419847328,-0.3298350825,0.07196401799,-0.2353823088,1293.772894,935
2023/06/29 14:15:35,8.880434783,0.8804347826,7.358695652,7.796529025,-1.163375224,6.396169958,1,10.2793838,97.28209585,-0.6106870229,0.213740458,-1.511450382,-0.3193403298,0.07646176912,-0.2353823088,1301.831502,935
2023/06/29 14:15:36,8.858695652,0.9130434783,7.413043478,7.803710353,-1.196888091,6.386594853,1,10.21812102,97.86535099,0.3358778626,1.450381679,-0.9465648855,-0.3313343328,0.07196401799,-0.2293853073,1301.831502,936
2023/06/29 14:15:36,8.923913043,0.8804347826,7.413043478,7.789347696,-1.137043686,6.367444644,1,10.1670687,98.35676626,-1.20610687,2.839694656,-0.8702290076,-0.3328335832,0.06296851574,-0.2293853073,1301.831502,936
2023/06/29 14:15:36,8.880434783,0.8695652174,7.423913043,7.784560144,-1.160981448,6.403351287,1,10.11601639,98.85314156,-0.5954198473,1.404580153,-0.5038167939,-0.3268365817,0.06596701649,-0.227886057,1298.168498,936
2023/06/29 14:15:36,8.869565217,0.8586956522,7.391304348,7.791741472,-1.139437463,6.386594853,1,10.07517454,99.25386369,-0.9160305344,0.9312977099,-0.8396946565,-0.335832084,0.06896551724,-0.2308845577,1301.831502,936
2023/06/29 14:15:36,8.945652174,0.8260869565,7.434782609,7.743865949,-1.144225015,6.427289048,1,10.03433268,99.65784788,-0.5038167939,1.038167939,-0.9770992366,-0.3178410795,0.06146926537,-0.2353823088,1296.703297,936
2023/06/29 14:15:37,8.891304348,0.902173913,7.434782609,7.727109515,-1.13464991,6.448833034,1,10.00880652,99.91201224,-0.7633587786,0.7022900763,-0.641221374,-0.335832084,0.07046476762,-0.2263868066,1294.505495,937
2023/06/29 14:15:37,8.880434783,0.847826087,7.532608696,7.782166367,-1.149012567,6.417713944,1,10.02412222,99.75935829,-0.9923664122,1.114503817,-1.358778626,-0.323838081,0.06896551724,-0.2338830585,1276.923077,937
2023/06/29 14:15:37,8.869565217,0.8804347826,7.489130435,7.715140634,-1.127468582,6.479952124,1,10.0700693,99.30418251,-0.3969465649,2.244274809,-0.7938931298,-0.3328335832,0.06746626687,-0.23988006,1273.992674,937
2023/06/29 14:15:37,8.739130435,0.8695652174,7.543478261,7.700777977,-1.13464991,6.508677439,1,10.13133208,98.7037037,-0.5801526718,-0.8091603053,-0.9618320611,-0.3253373313,0.06596701649,-0.2293853073,1268.864469,937
2023/06/29 14:15:37,8.739130435,0.9673913043,7.52173913,7.70556553,-1.141831239,6.50149611,1,10.1823844,98.20882427,-1.20610687,2.076335878,-0.4580152672,-0.3343328336,0.06596701649,-0.2368815592,1268.131868,937
2023/06/29 14:15:38,8.826086957,0.8804347826,7.543478261,7.676840215,-1.125074806,6.527827648,1,10.20280532,98.01225919,-1.022900763,1.083969466,-0.7480916031,-0.3253373313,0.06446776612,-0.2353823088,1265.934066,938
2023/06/29 14:15:38,8.793478261,0.9130434783,7.554347826,7.660083782,-1.127468582,6.542190305,1,10.20280532,98.01225919,-0.6870229008,0.9160305344,-0.427480916,-0.3328335832,0.07046476762,-0.2383808096,1261.538462,938
2023/06/29 14:15:38,8.902173913,0.9130434783,7.52173913,7.703171753,-1.146618791,6.515858767,1,10.18748963,98.15960912,-0.9770992366,1.328244275,-1.312977099,-0.323838081,0.07496251874,-0.2368815592,1263.736264,938
2023/06/29 14:15:38,8.836956522,0.847826087,7.52173913,7.698384201,-1.129862358,6.539796529,1,10.15685824,98.45564212,0.320610687,-0.3969465649,-1.374045802,-0.3283358321,0.07196401799,-0.2323838081,1265.201465,938
2023/06/29 14:15:38,8.695652174,0.6956521739,7.619565217,7.688809096,-1.187312986,6.537402753,1,10.11601639,98.85314156,2.610687023,-0.1221374046,0.1984732824,-0.3283358321,0.06896551724,-0.2368815592,1248.351648,938
2023/06/29 14:15:39,8.467391304,0.6739130435,7.72826087,7.406343507,-1.263913824,6.740873728,1,10.0700693,99.30418251,10.07633588,0.01526717557,13.12977099,-0.3433283358,0.06146926537,-0.2338830585,1226.373626,939
2023/06/29 14:15:39,8.630434783,-0.05434782609,7.739130435,7.205266308,-1.900658288,6.862956314,1,10.02412222,99.75935829,22.32061069,0.7633587786,30.76335878,-0.3508245877,0.06896551724,-0.2338830585,1215.384615,939
2023/06/29 14:15:39,8.695652174,0.6739130435,7.619565217,7.648114901,-1.52962298,6.511071215,1,9.988385598,100.1162791,20.88549618,6.396946565,16.67175573,-0.3823088456,0.06746626687,-0.2608695652,1226.373626,939
2023/06/29 14:15:39,8.902173913,0.9891304348,7.967391304,8.543387193,-1.783363256,7.37283064,1,9.942438514,100.5789474,34.76335878,16.91603053,-14.51908397,-0.347826087,0.08845577211,-0.2848575712,1348.717949,939
2023/06/29 14:15:39,7.434782609,2.27173913,8.163043478,6.5326152,-0.2010771993,7.099940156,1,9.891386198,101.0980645,18.0610687,5.114503817,0.9465648855,-0.2833583208,0.08845577211,-0.2488755622,1391.941392,939
2023/06/29 14:15:40,7.597826087,2.586956522,8.336956522,5.984440455,0.8402154399,7.336923998,1,9.845439114,101.569873,12.51908397,0.4427480916,28.51908397,-0.2563718141,0.09145427286,-0.227886057,1386.813187,940
2023/06/29 14:15:40,7.47826087,2.717391304,8.304347826,6.300418911,1.038898863,7.463794135,1,9.809702493,101.9398907,-4.916030534,-2.366412214,23.00763359,-0.2488755622,0.1259370315,-0.2218890555,1383.882784,940
2023/06/29 14:15:40,7.489130435,1.22826087,8.163043478,6.092160383,0.2513464991,7.332136445,1,9.794386798,102.0992963,-3.847328244,-24.04580153,22.87022901,-0.2593703148,0.155922039,-0.2113943028,1396.336996,940
2023/06/29 14:15:40,9.032608696,-0.4673913043,8.586956522,7.727109515,-1.89347696,7.279473369,1,9.845439114,101.569873,-13.12977099,-8.885496183,13.34351145,-0.275862069,0.2023988006,-0.1694152924,1348.717949,940
2023/06/29 14:15:40,9.826086957,-1.510869565,8.054347826,8.794733692,-3.774985039,7.638539797,1,10.02922745,99.70857725,-11.32824427,-18.51908397,21.86259542,-0.2863568216,0.2503748126,-0.1574212894,1396.336996,940
2023/06/29 14:15:41,8.706521739,-0.9239130435,7.706521739,8.146020347,-3.609814482,6.779174147,1,10.27427857,97.33043478,-16.16793893,9.328244275,2.015267176,-0.287856072,0.2938530735,-0.143928036,1314.285714,941
2023/06/29 14:15:41,8.586956522,-0.8586956522,7.010869565,7.39198085,-3.298623579,5.955715141,1,10.51422445,95.10924982,-10.07633588,10.35114504,-8.839694656,-0.2743628186,0.3178410795,-0.1709145427,1368.498168,941
2023/06/29 14:15:41,8.782608696,-0.3586956522,6.891304348,7.777378815,-2.953919808,5.938958707,1,10.69801279,93.47530422,-20.99236641,8.076335878,-28.80916031,-0.2473763118,0.299850075,-0.1889055472,1402.930403,941
2023/06/29 14:15:41,8.706521739,-1.032608696,7.130434783,7.734290844,-2.882106523,5.800119689,1,10.83074881,92.32971954,-28.91603053,40.35114504,-34.1221374,-0.2218890555,0.2983508246,-0.2053973013,1386.080586,941
2023/06/29 14:15:41,8.02173913,-0.2608695652,6.641304348,6.587672053,-2.408138839,5.431478157,1,10.9430639,91.38208537,-6.503816794,11.28244275,-29.3129771,-0.1694152924,0.2968515742,-0.23988006,1435.897436,941
2023/06/29 14:15:42,8.315217391,-0.01086956522,7.423913043,6.812687014,-2.073010174,5.819269898,1,10.98390576,91.04229607,-18.39694656,-5.236641221,-19.78625954,-0.1589205397,0.2743628186,-0.23988006,1360.43956,942
2023/06/29 14:15:42,8.5,-0.5217391304,7.739130435,7.454219031,-2.575703172,6.731298624,1,10.96859006,91.16942053,-17.28244275,2.320610687,-16.99236641,-0.167916042,0.275862069,-0.2263868066,1277.655678,942
2023/06/29 14:15:42,8.173913043,-0.5434782609,7.358695652,6.874925194,-2.444045482,6.439257929,1,10.92264298,91.55293293,2.396946565,-5.190839695,4.65648855,-0.1694152924,0.2923538231,-0.2128935532,1291.575092,942
2023/06/29 14:15:42,8.032608696,-0.4891304348,7.02173913,6.841412328,-2.941950928,6.18791143,1,10.84095927,92.2427596,18.64122137,-10.03053435,26.77862595,-0.1844077961,0.2818590705,-0.2068965517,1349.450549,942
2023/06/29 14:15:42,8.5,-0.5326086957,6.836956522,6.839018552,-2.606822262,5.57989228,1,10.7643808,92.89898032,18.97709924,-2.259541985,45.51145038,-0.1979010495,0.2938530735,-0.2008995502,1394.139194,942
2023/06/29 14:15:43,7.652173913,-0.7391304348,6.5,6.781567923,-3.370436864,5.79293836,1,10.70311802,93.43071786,31.12977099,-19.64885496,43.63358779,-0.2113943028,0.3163418291,-0.1934032984,1463.003663,943
2023/06/29 14:15:43,8.402173913,-0.9456521739,6.75,6.860562537,-3.449431478,5.656493118,1,10.67759186,93.65407602,1.679389313,6.213740458,16.73282443,-0.2248875562,0.3463268366,-0.1739130435,1468.131868,943
2023/06/29 14:15:43,8.456521739,-1.184782609,7.380434783,7.44225015,-4.150807899,6.240574506,1,10.6520657,93.87850467,11.92366412,-14.04580153,-10.03053435,-0.2263868066,0.3448275862,-0.1634182909,1397.802198,943
2023/06/29 14:15:43,9.130434783,-2.206521739,8.391304348,7.961699581,-4.280071813,6.970676242,1,10.63164478,94.05882353,9.389312977,13.00763359,-51.49618321,-0.2533733133,0.2863568216,-0.1394302849,1375.824176,943
2023/06/29 14:15:43,10.18478261,-0.5434782609,9.673913043,9.228007181,-3.162178336,8.251346499,1,10.59590816,94.37605396,11.41984733,0.3969465649,-27.54198473,-0.2608695652,0.1994002999,-0.1229385307,1361.172161,943
2023/06/29 14:15:44,7.119565217,2.434782609,7.032608696,7.430281269,0.5170556553,7.619389587,1,10.54996107,94.7870796,16.45801527,21.75572519,-36.15267176,-0.2533733133,0.1514242879,-0.143928036,1380.21978,944
2023/06/29 14:15:44,8.586956522,2.782608696,8.010869565,7.253141831,0.8641532017,6.599640934,1,10.49890876,95.24799416,-23.64885496,26.7480916,-16.09160305,-0.227886057,0.1229385307,-0.1634182909,1406.593407,944
2023/06/29 14:15:44,7.706521739,2.108695652,8.434782609,6.642728905,0.2704967086,7.226810293,1,10.43764598,95.80704329,-6.320610687,-9.954198473,-27.3129771,-0.1979010495,0.1154422789,-0.167916042,1383.150183,944
2023/06/29 14:15:44,6.923913043,2.782608696,8.847826087,5.589467385,1.493716338,8.423698384,1,10.39169889,96.23065586,-19.03816794,14.21374046,-21.26717557,-0.1904047976,0.1169415292,-0.1769115442,1319.413919,944
2023/06/29 14:15:44,7.695652174,3.173913043,8.434782609,5.788150808,1.132256134,8.011968881,1,10.34575181,96.65803109,-17.08396947,-4.885496183,-8.13740458,-0.1769115442,0.1214392804,-0.1874062969,1336.263736,944
2023/06/29 14:15:45,8.02173913,2.163043478,8.043478261,6.55176541,0.9910233393,7.262716936,1,10.29980472,97.08921933,-35.98473282,-2.992366412,-16.61068702,-0.1844077961,0.1229385307,-0.1739130435,1390.47619,945
2023/06/29 14:15:45,8.152173913,1.369565217,8.673913043,6.94673848,-0.2465589467,7.535607421,1,10.26917334,97.37882177,-34.30534351,-4.229007634,-18.01526718,-0.1934032984,0.1424287856,-0.1739130435,1340.659341,945
2023/06/29 14:15:45,8.434782609,1.391304348,8.380434783,7.257929384,-0.6271693597,7.772591263,1,10.22322625,97.8164794,-32.90076336,2.122137405,-33.12977099,-0.1949025487,0.1514242879,-0.1634182909,1349.450549,945
2023/06/29 14:15:45,8.173913043,1.369565217,8.163043478,6.906044285,-0.605625374,7.229204069,1,10.16196347,98.40617935,-43.00763359,3.374045802,-34.41221374,-0.1859070465,0.1634182909,-0.1604197901,1380.21978,945
2023/06/29 14:15:45,8.27173913,1.25,8.163043478,7.250748055,-0.6558946738,7.143028127,1,10.10580592,98.95301844,-35.81679389,5.007633588,-34.36641221,-0.1829085457,0.1814092954,-0.1769115442,1395.604396,945
2023/06/29 14:15:46,8.347826087,1.184782609,8.413043478,6.951526032,-0.8402154399,7.425493716,1,10.04454315,99.55654384,-32.0610687,8.595419847,-28.64122137,-0.1694152924,0.1709145427,-0.1604197901,1378.021978,946
2023/06/29 14:15:46,7.97826087,1.184782609,8.239130435,7.114302813,-0.7564332735,7.468581688,1,9.99349083,100.0651341,-32.16793893,4.763358779,-29.08396947,-0.1709145427,0.1829085457,-0.1709145427,1390.47619,946
2023/06/29 14:15:46,7.782608696,1.184782609,8.239130435,6.786355476,-0.9455415919,7.411131059,1,9.942438514,100.5789474,-22.6259542,5.282442748,-23.69465649,-0.1694152924,0.1904047976,-0.1649175412,1394.139194,946
2023/06/29 14:15:46,8.847826087,1.304347826,8.619565217,7.214841412,-0.6032315978,7.437462597,1,9.906701893,100.9417676,-13.02290076,-1.954198473,-27.96946565,-0.1784107946,0.1769115442,-0.1469265367,1347.252747,946
2023/06/29 14:15:46,7.141304348,0.6304347826,8.456521739,6.484739677,-0.6080191502,7.52363854,1,9.881175735,101.2025316,-43.54198473,21.66412214,-17.69465649,-0.1724137931,0.1724137931,-0.1499250375,1341.391941,946
2023/06/29 14:15:47,8.239130435,0.5869565217,9.652173913,6.709754638,-1.4673848,7.707959306,1,9.860754808,101.4121149,-13.22137405,25.69465649,1.740458015,-0.167916042,0.1934032984,-0.1784107946,1343.589744,947
2023/06/29 14:15:47,7.52173913,0.7608695652,8.847826087,6.94673848,-0.6080191502,7.913824057,1,9.830123419,101.7281226,4.580152672,-5.297709924,-4.122137405,-0.1724137931,0.1994002999,-0.1814092954,1287.912088,947
2023/06/29 14:15:47,7.706521739,0.8804347826,8.684782609,6.283662478,-1.13464991,7.832435667,1,9.804597261,101.9929706,1.664122137,2.290076336,3.435114504,-0.1739130435,0.2053973013,-0.1859070465,1284.981685,947
2023/06/29 14:15:47,7.652173913,0.8586956522,8.717391304,6.460801915,-1.105924596,7.932974267,1,9.789281566,102.1525424,1.053435115,-0.7022900763,-1.083969466,-0.1784107946,0.1904047976,-0.1829085457,1280.586081,947
2023/06/29 14:15:47,7.673913043,0.8804347826,8.72826087,6.408138839,-1.144225015,7.858767205,1,9.779071103,102.2592013,-1.221374046,0.06106870229,-1.145038168,-0.1784107946,0.1994002999,-0.179910045,1274.725275,947
2023/06/29 14:15:48,7.663043478,0.9130434783,8.72826087,6.398563734,-1.163375224,7.944943148,1,9.76886064,102.3660831,0.3664122137,1.312977099,-0.4580152672,-0.179910045,0.1934032984,-0.1754122939,1271.794872,948
2023/06/29 14:15:48,7.739130435,0.9239130435,8.717391304,6.465589467,-1.15380012,7.815679234,1,9.743334482,102.6342677,-1.450381679,0.3053435115,-2.488549618,-0.1709145427,0.1964017991,-0.1769115442,1274.725275,948
2023/06/29 14:15:48,7.706521739,0.9239130435,8.72826087,6.377019749,-1.113105925,7.928186715,1,9.728018787,102.7958541,0.04580152672,1.877862595,-0.5038167939,-0.1814092954,0.1889055472,-0.179910045,1272.527473,948
2023/06/29 14:15:48,7.684782609,0.9130434783,8.72826087,6.432076601,-1.077199282,7.863554758,1,9.702492629,103.0662983,-1.06870229,0.641221374,-1.358778626,-0.1889055472,0.1934032984,-0.1724137931,1271.062271,948
2023/06/29 14:15:48,7.706521739,0.9347826087,8.72826087,6.441651706,-1.091561939,7.86834231,1,9.67186124,103.3927158,-1.099236641,0.1221374046,-2.015267176,-0.1709145427,0.1844077961,-0.1784107946,1271.062271,948
2023/06/29 14:15:49,7.739130435,0.9565217391,8.77173913,6.417713944,-1.108318372,7.897067624,1,9.646335082,103.6663138,-0.8091603053,1.557251908,-1.435114504,-0.1769115442,0.1844077961,-0.1859070465,1263.736264,949
2023/06/29 14:15:49,7.717391304,0.9565217391,8.739130435,6.393776182,-1.067624177,7.887492519,1,9.631019387,103.8311688,-0.3358778626,1.847328244,-0.4580152672,-0.1874062969,0.2083958021,-0.1874062969,1266.666667,949
2023/06/29 14:15:49,7.630434783,0.9347826087,8.75,6.441651706,-1.067624177,7.909036505,1,9.605493229,104.1070954,-0.7022900763,1.282442748,-1.755725191,-0.1784107946,0.1859070465,-0.1904047976,1263.003663,949
2023/06/29 14:15:49,7.72826087,0.9782608696,8.739130435,6.379413525,-1.05326152,7.904248953,1,9.585072303,104.3288948,-0.04580152672,1.465648855,-0.7633587786,-0.1709145427,0.1844077961,-0.1904047976,1265.934066,949
2023/06/29 14:15:49,7.75,1.010869565,8.77173913,6.410532615,-1.043686415,7.894673848,1,9.559546145,104.6074766,-0.7480916031,1.480916031,-0.9923664122,-0.1784107946,0.1859070465,-0.1889055472,1262.271062,949
2023/06/29 14:15:50,7.72826087,0.9673913043,8.760869565,6.377019749,-1.010173549,7.906642729,1,9.549335682,104.7193264,-0.04580152672,1.572519084,-0.8244274809,-0.1754122939,0.1874062969,-0.179910045,1264.468864,950
2023/06/29 14:15:50,7.641304348,1.010869565,8.782608696,6.36983842,-1.007779773,7.916217834,1,9.518704292,105.0563154,-0.6564885496,1.618320611,-1.175572519,-0.1754122939,0.1889055472,-0.1859070465,1259.340659,950
2023/06/29 14:15:50,7.652173913,1,8.75,6.405745063,-1.019748654,7.921005386,1,9.498283366,105.2821822,-0.1526717557,0.9923664122,-0.5648854962,-0.1769115442,0.1889055472,-0.1859070465,1260.07326,950
2023/06/29 14:15:50,7.695652174,1,8.717391304,6.403351287,-1.000598444,7.923399162,1,9.472757208,105.5658852,-0.1374045802,0.6259541985,-0.9007633588,-0.1769115442,0.191904048,-0.1904047976,1269.59707,950
2023/06/29 14:15:50,7.739130435,0.9891304348,8.739130435,6.403351287,-0.9575104728,7.921005386,1,9.44723105,105.8511213,-0.2748091603,2.030534351,-0.6259541985,-0.1784107946,0.1859070465,-0.1829085457,1269.59707,950
2023/06/29 14:15:51,7.663043478,1.010869565,8.793478261,6.386594853,-0.986235787,7.925792938,1,9.431915355,106.0230041,-0.9923664122,1.221374046,-1.267175573,-0.179910045,0.1904047976,-0.191904048,1258.608059,951
2023/06/29 14:15:51,7.684782609,1.032608696,8.77173913,6.405745063,-0.9934171155,7.911430281,1,9.416599661,106.1954459,-0.4580152672,1.297709924,-1.114503817,-0.1844077961,0.1859070465,-0.1904047976,1258.608059,951
2023/06/29 14:15:51,7.72826087,1.076086957,8.793478261,6.403351287,-0.9958108917,7.921005386,1,9.396178734,106.4262429,-1.083969466,1.312977099,-1.007633588,-0.1814092954,0.1844077961,-0.1859070465,1253.479853,951
2023/06/29 14:15:51,7.663043478,1.065217391,8.739130435,6.384201077,-0.9718731299,7.932974267,1,9.375757808,106.6580452,0.213740458,0.320610687,-0.8244274809,-0.1784107946,0.1949025487,-0.1829085457,1261.538462,951
2023/06/29 14:15:51,7.619565217,1.032608696,8.77173913,6.381807301,-0.9718731299,7.976062238,1,9.360442113,106.8325607,0,0.6870229008,-1.022900763,-0.1769115442,0.1904047976,-0.191904048,1259.340659,951
2023/06/29 14:15:52,7.641304348,1.065217391,8.760869565,6.432076601,-0.9407540395,7.923399162,1,9.35023165,106.9492219,-0.427480916,1.374045802,-1.20610687,-0.1769115442,0.2053973013,-0.1829085457,1263.003663,952
2023/06/29 14:15:52,7.641304348,1.043478261,8.760869565,6.405745063,-0.959904249,7.940155595,1,9.334915955,107.1246924,-0.2595419847,-0.3053435115,-0.9770992366,-0.1844077961,0.1964017991,-0.1844077961,1264.468864,952
2023/06/29 14:15:52,7.673913043,1.065217391,8.72826087,6.403351287,-0.959904249,7.954518253,1,9.31960026,107.3007395,0,0.9618320611,-0.9007633588,-0.1814092954,0.1904047976,-0.1874062969,1267.399267,952
2023/06/29 14:15:52,7.663043478,1.086956522,8.77173913,6.372232196,-0.9551166966,7.964093357,1,9.304284566,107.4773663,-0.4732824427,1.480916031,-0.7175572519,-0.179910045,0.1904047976,-0.1949025487,1263.003663,952
2023/06/29 14:15:52,7.630434783,1.065217391,8.77173913,6.398563734,-0.9263913824,7.956912029,1,9.294074102,107.5954408,-0.3358778626,1.221374046,-0.9770992366,-0.1829085457,0.1934032984,-0.1964017991,1260.07326,952
2023/06/29 14:15:53,7.641304348,1.130434783,8.782608696,6.374625972,-0.9407540395,7.954518253,1,9.278758408,107.7730399,-0.03053435115,0.2442748092,-0.7480916031,-0.1724137931,0.1964017991,-0.1889055472,1258.608059,953
2023/06/29 14:15:53,7.663043478,1.108695652,8.760869565,6.415320168,-0.9383602633,7.9497307,1,9.273653176,107.8323699,-0.2900763359,1.480916031,-1.496183206,-0.1784107946,0.2053973013,-0.1859070465,1263.003663,953
2023/06/29 14:15:53,7.641304348,1.086956522,8.815217391,6.360263315,-0.9287851586,7.985637343,1,9.263442713,107.9512262,-0.2290076336,1.053435115,-0.8702290076,-0.1859070465,0.1934032984,-0.1964017991,1253.479853,953
2023/06/29 14:15:53,7.630434783,1.086956522,8.77173913,6.391382406,-0.8976660682,7.961699581,1,9.248127018,108.1300028,-0.3358778626,1.618320611,-1.06870229,-0.1814092954,0.1859070465,-0.1874062969,1255.677656,953
2023/06/29 14:15:53,7.684782609,1.163043478,8.804347826,6.360263315,-0.9120287253,7.976062238,1,9.237916555,108.2495164,-0.3511450382,0.6106870229,-0.7633587786,-0.1754122939,0.1814092954,-0.1889055472,1254.212454,953
2023/06/29 14:15:54,7.652173913,1.130434783,8.804347826,6.417713944,-0.9192100539,7.964093357,1,9.22260086,108.4292831,-0.641221374,1.419847328,-1.450381679,-0.1769115442,0.1859070465,-0.1904047976,1254.212454,954
2023/06/29 14:15:54,7.641304348,1.119565217,8.77173913,6.36983842,-0.8976660682,7.980849791,1,9.212390397,108.5494597,-0.3511450382,0.9618320611,-0.7633587786,-0.1769115442,0.1859070465,-0.1844077961,1255.677656,954
2023/06/29 14:15:54,7.619565217,1.108695652,8.826086957,6.360263315,-0.8833034111,7.985637343,1,9.202179934,108.6699029,-0.1679389313,1.053435115,-1.038167939,-0.1739130435,0.1889055472,-0.1874062969,1249.084249,954
2023/06/29 14:15:54,7.576086957,1.108695652,8.77173913,6.367444644,-0.8880909635,7.980849791,1,9.191969471,108.7906137,-0.2748091603,-0.6106870229,-1.175572519,-0.1724137931,0.191904048,-0.1859070465,1253.479853,954
2023/06/29 14:15:54,7.663043478,1.152173913,8.75,6.403351287,-0.9000598444,7.980849791,1,9.181759008,108.911593,-0.5801526718,0.9160305344,-0.9618320611,-0.1739130435,0.1889055472,-0.1904047976,1257.142857,954
2023/06/29 14:15:55,7.641304348,1.119565217,8.826086957,6.345900658,-0.8833034111,8,1,9.166443313,109.0935673,-0.320610687,1.221374046,-0.9007633588,-0.1844077961,0.1904047976,-0.1889055472,1250.549451,955
2023/06/29 14:15:55,7.608695652,1.130434783,8.815217391,6.372232196,-0.8641532017,7.96888091,1,9.151127618,109.2761506,-0.5954198473,1.06870229,-0.9465648855,-0.1694152924,0.1904047976,-0.1814092954,1247.619048,955
2023/06/29 14:15:55,7.586956522,1.086956522,8.804347826,6.365050868,-0.8785158588,7.983243567,1,9.146022386,109.3371476,-0.4122137405,0.3358778626,-0.9007633588,-0.1814092954,0.1904047976,-0.1844077961,1250.549451,955
2023/06/29 14:15:55,7.652173913,1.130434783,8.77173913,6.38898863,-0.8785158588,7.976062238,1,9.130706692,109.5205479,-0.5496183206,1.053435115,-1.175572519,-0.1784107946,0.1829085457,-0.1859070465,1254.212454,955
2023/06/29 14:15:55,7.641304348,1.097826087,8.836956522,6.350688211,-0.8976660682,8.023937762,1,9.12560146,109.5818182,0.2748091603,0.9007633588,-0.9007633588,-0.1769115442,0.179910045,-0.1874062969,1244.688645,955
2023/06/29 14:15:56,7.619565217,1.217391304,8.717391304,6.441651706,-0.9096349491,8.0502693,1,9.115390997,109.7045645,3.221374046,-0.9007633588,-3.786259542,-0.179910045,0.1829085457,-0.1889055472,1262.271062,956
2023/06/29 14:15:56,7.717391304,1.434782609,8.717391304,6.446439258,-0.6008378217,7.947336924,1,9.100075302,109.8892006,-0.427480916,1.160305344,-4.244274809,-0.1859070465,0.1829085457,-0.1814092954,1271.794872,956
2023/06/29 14:15:56,7.847826087,1.380434783,8.619565217,6.537402753,-0.3973668462,7.739078396,1,9.089864839,110.0126369,-8.778625954,-0.8244274809,-6.015267176,-0.1769115442,0.1829085457,-0.1859070465,1285.714286,956
2023/06/29 14:15:56,8.054347826,1.315217391,8.630434783,6.66427289,-0.7181328546,7.695990425,1,9.074549144,110.1983122,-13.64885496,0.1832061069,-11.03816794,-0.1844077961,0.1814092954,-0.1874062969,1296.703297,956
2023/06/29 14:15:56,7.239130435,1.25,8.782608696,6.331538001,-0.6870137642,8.107719928,1,9.064338681,110.3224444,-19.22137405,0.01526717557,-15.17557252,-0.1769115442,0.1874062969,-0.1814092954,1284.249084,956
2023/06/29 14:15:57,8.065217391,1.445652174,8.423913043,6.503889886,-0.8067025733,7.942549372,1,9.059233449,110.3846154,-15.40458015,-15.14503817,-9.923664122,-0.1844077961,0.191904048,-0.1754122939,1309.89011,957
2023/06/29 14:15:57,8.456521739,0.4891304348,8.608695652,7.205266308,-0.9263913824,7.389587074,1,9.054128218,110.4468565,-21.06870229,10.35114504,-5.007633588,-0.1859070465,0.2008995502,-0.1604197901,1298.168498,957
2023/06/29 14:15:57,7.717391304,-0.2065217391,8.652173913,6.688210652,-2.080191502,7.832435667,1,9.069443913,110.2603434,-5.419847328,17.17557252,17.35877863,-0.1469265367,0.2353823088,-0.1574212894,1293.772894,957
2023/06/29 14:15:57,7.217391304,0.02173913043,8.597826087,5.934171155,-2.386594853,7.691202873,1,9.12560146,109.5818182,1.984732824,7.480916031,19.06870229,-0.1154422789,0.2743628186,-0.1694152924,1301.831502,957
2023/06/29 14:15:57,7.076086957,-0.6413043478,8.891304348,5.847995212,-2.630760024,7.928186715,1,9.212390397,108.5494597,0.6870229008,4.79389313,6.366412214,-0.08095952024,0.3013493253,-0.1844077961,1261.538462,957
2023/06/29 14:15:58,6.652173913,-0.1847826087,9,5.374027528,-2.724117295,8.198683423,1,9.314495029,107.3595506,0.9923664122,-2.702290076,-0.3664122137,-0.08995502249,0.3103448276,-0.1814092954,1226.373626,958
2023/06/29 14:15:58,7.293478261,-0.2608695652,8.815217391,5.864751646,-2.484739677,7.976062238,1,9.411494429,106.2530513,7.511450382,-4.702290076,-10.18320611,-0.09745127436,0.2953523238,-0.179910045,1238.827839,958
2023/06/29 14:15:58,7.239130435,0.1847826087,8.858695652,5.946140036,-2.348294434,8.129263914,1,9.47786244,105.5090224,10.27480916,-3.908396947,-9.236641221,-0.1094452774,0.2698650675,-0.1769115442,1238.095238,958
2023/06/29 14:15:58,7.315217391,0.5652173913,8.706521739,6.003590664,-1.778575703,7.863554758,1,9.528914755,104.943745,16.88549618,-4.702290076,-2.93129771,-0.1334332834,0.2488755622,-0.167916042,1258.608059,958
2023/06/29 14:15:58,7.652173913,0.9891304348,9.065217391,6.377019749,-1.158587672,8.078994614,1,9.54423045,104.775341,11.46564885,2.305343511,-8.977099237,-0.1364317841,0.2248875562,-0.1724137931,1219.047619,958
2023/06/29 14:15:59,7.619565217,1.586956522,8.760869565,6.271693597,-0.5290245362,8.033512867,1,9.549335682,104.7193264,17.12977099,-0.5496183206,0.8244274809,-0.1724137931,0.1904047976,-0.191904048,1246.153846,959
2023/06/29 14:15:59,6.836956522,2.152173913,8.956521739,6.460801915,0.01675643327,7.456612807,1,9.54423045,104.775341,-6.809160305,7.664122137,-3.114503817,-0.1949025487,0.1649175412,-0.191904048,1229.304029,959
2023/06/29 14:15:59,7.826086957,1.760869565,8.858695652,6.436864153,-0.2321962896,8.222621185,1,9.528914755,104.943745,17.03816794,3.007633588,1.618320611,-0.2023988006,0.1499250375,-0.2143928036,1235.164835,959
2023/06/29 14:15:59,7.77173913,2.27173913,8.706521739,6.444045482,0.52663076,7.856373429,1,9.508493829,105.1691275,3.770992366,0.1526717557,-4.229007634,-0.2083958021,0.1334332834,-0.2293853073,1256.410256,959
2023/06/29 14:15:59,7.489130435,2.336956522,8.880434783,6.286056254,0.5098743268,8.038300419,1,9.47786244,105.5090224,-0.5038167939,1.267175573,-2.305343511,-0.2203898051,0.1349325337,-0.2188905547,1240.29304,959
2023/06/29 14:16:00,7.619565217,2.315217391,8.880434783,6.250149611,0.4859365649,8.023937762,1,9.437020587,105.9656478,-3.648854962,1.541984733,-1.435114504,-0.2173913043,0.1274362819,-0.2338830585,1231.501832,960
2023/06/29 14:16:00,7.619565217,2.184782609,8.858695652,6.185517654,0.5050867744,8.007181329,1,9.406389197,106.3107191,-4.152671756,2.41221374,-0.04580152672,-0.2128935532,0.1244377811,-0.2338830585,1232.234432,960
2023/06/29 14:16:00,7.706521739,2.239130435,8.869565217,6.396169958,0.3638539797,8.117295033,1,9.411494429,106.2530513,-4.977099237,0.5801526718,-7.236641221,-0.2143928036,0.1379310345,-0.2233883058,1230.769231,960
2023/06/29 14:16:00,7.532608696,2.195652174,8.858695652,6.183123878,0.3375224417,8.110113704,1,9.437020587,105.9656478,-1.114503817,2.442748092,0.5648854962,-0.2098950525,0.1349325337,-0.2338830585,1231.501832,960
2023/06/29 14:16:00,7.543478261,2.152173913,8.945652174,6.223818073,0.3614602035,8.138839019,1,9.47786244,105.5090224,-0.9007633588,0.7633587786,-0.7328244275,-0.2083958021,0.1289355322,-0.23988006,1219.047619,960
2023/06/29 14:16:01,7.47826087,2.195652174,8.923913043,6.214242968,0.3470975464,8.1005386,1,9.513599061,105.1126912,-0.3969465649,1.526717557,-0.3511450382,-0.2113943028,0.1259370315,-0.2383808096,1214.652015,961
2023/06/29 14:16:01,7.576086957,2.217391304,8.869565217,6.23818073,0.3710353082,8.124476361,1,9.528914755,104.943745,-0.641221374,0.7328244275,-0.4580152672,-0.2083958021,0.1334332834,-0.227886057,1223.443223,961
2023/06/29 14:16:01,7.5,2.206521739,8.913043478,6.240574506,0.3518850987,8.105326152,1,9.528914755,104.943745,-1.251908397,1.480916031,-0.1679389313,-0.2143928036,0.1334332834,-0.2308845577,1220.512821,961
2023/06/29 14:16:01,7.543478261,2.206521739,8.945652174,6.274087373,0.3183722322,8.090963495,1,9.523809524,105,-1.465648855,1.282442748,-0.8396946565,-0.2098950525,0.131934033,-0.2293853073,1213.919414,961
2023/06/29 14:16:01,7.576086957,2.195652174,8.923913043,6.254937163,0.3327348893,8.126870138,1,9.498283366,105.2821822,-0.5648854962,2.091603053,-0.7480916031,-0.2083958021,0.1379310345,-0.227886057,1211.721612,961
2023/06/29 14:16:02,7.608695652,1.445652174,8.815217391,6.266906044,0.1555954518,8.16277678,1,9.472757208,105.5658852,5.099236641,-1.328244275,4.259541985,-0.215892054,0.131934033,-0.2308845577,1225.641026,962
2023/06/29 14:16:02,6.27173913,5.347826087,7.554347826,5.493716338,0.05505685218,7.782166367,1,9.442125818,105.9083536,8.885496183,-68.22900763,38.47328244,-0.2143928036,0.131934033,-0.2383808096,1242.490842,962
2023/06/29 14:16:02,9.72826087,3.836956522,8.413043478,6.827049671,-2.429682825,8.18192699,1,9.406389197,106.3107191,-17.66412214,-10.22900763,7.236641221,-0.2383808096,0.1514242879,-0.1979010495,1308.424908,962
2023/06/29 14:16:02,8.402173913,0.7282608696,8.086956522,8.327947337,0.4380610413,7.133453022,1,9.380863039,106.6,-10.61068702,71.29770992,-25.72519084,-0.2698650675,0.1364317841,-0.179910045,1371.428571,962
2023/06/29 14:16:02,11.13043478,-1.065217391,10.11956522,7.616995811,2.84619988,6.226211849,1,9.345126418,107.0076482,-30.51908397,111.5725191,-45.3740458,-0.2698650675,0.1334332834,-0.1694152924,1284.981685,962
2023/06/29 14:16:03,5.217391304,2.967391304,10.72826087,5.788150808,-1.089168163,9.292639138,1,9.299179334,107.5363711,31.86259542,-66.61068702,18.93129771,-0.203898051,0.1424287856,-0.2143928036,1336.996337,963
2023/06/29 14:16:03,4.163043478,-2.445652174,7.293478261,10.78874925,3.229204069,5.625374028,1,9.278758408,107.7730399,1.389312977,-22.48854962,-58.7480916,-0.1934032984,0.1604197901,-0.1994002999,1326.739927,963
2023/06/29 14:16:03,10.94565217,3.836956522,8.086956522,8.361460203,5.740275284,6.848593656,1,9.237916555,108.2495164,-20.35114504,-11.41984733,13.90839695,-0.1904047976,0.1454272864,-0.1769115442,1379.487179,963
2023/06/29 14:16:03,8.956521739,3.565217391,6.641304348,6.309994016,-4.706163974,7.73668462,1,9.243021787,108.1897266,98.59541985,59.20610687,115.0534351,-0.1934032984,0.1619190405,-0.179910045,1437.362637,963
2023/06/29 14:16:03,9.22826087,7.173913043,7.010869565,6.963494913,8.143626571,5.776181927,1,9.31960026,107.3007395,-69.3129771,-3.053435115,-75.96946565,-0.2293853073,0.1829085457,-0.1994002999,1419.78022,963
2023/06/29 14:16:04,7.880434783,-1.22826087,8.5,8.464392579,-0.5218432077,6.6834231,1,9.564651376,104.5516413,-43.52671756,-25.69465649,-116.4427481,-0.1589205397,0.1484257871,-0.1814092954,1373.626374,964
2023/06/29 14:16:04,8.739130435,2.434782609,7.75,6.252543387,-2.760023938,8.275284261,1,9.86586004,101.3596378,92.45801527,14.13740458,168.1374046,-0.1169415292,0.131934033,-0.1874062969,1284.981685,964
2023/06/29 14:16:04,7.717391304,7.815217391,7.27173913,8.112507481,9.627767804,4.710951526,1,10.13133208,98.7037037,-59.02290076,-27.35877863,-79.64885496,-0.1634182909,0.1544227886,-0.2248875562,1317.216117,964
2023/06/29 14:16:04,8.97826087,0.902173913,8.619565217,8.332734889,-0.3303411131,7.648114901,1,10.38659366,96.27795527,-72.42748092,-0.9923664122,-95.34351145,-0.1409295352,0.1469265367,-0.1904047976,1299.6337,964
2023/06/29 14:16:04,7.576086957,2.673913043,8.554347826,6.254937163,-0.1938958707,7.511669659,1,10.56527677,94.64967383,-22.25954198,-6.641221374,-10.80916031,-0.11994003,0.1619190405,-0.1844077961,1310.622711,964
2023/06/29 14:16:05,8.032608696,3.163043478,8.163043478,6.731298624,1.668461999,7.475763016,1,10.69801279,93.47530422,-26.03053435,-9.526717557,-10.32061069,-0.143928036,0.1724137931,-0.1709145427,1367.032967,965
2023/06/29 14:16:05,8.652173913,2.945652174,8.076086957,7.298623579,1.199281867,7.303411131,1,10.74395987,93.07555239,-10.73282443,-7.832061069,-12.33587786,-0.1574212894,0.1724137931,-0.1664167916,1406.593407,965
2023/06/29 14:16:05,8.554347826,2.956521739,7.782608696,7.47336924,1.273488929,6.841412328,1,10.77459126,92.81094527,-1.541984733,-7.251908397,-8.183206107,-0.1664167916,0.155922039,-0.1634182909,1302.564103,965
2023/06/29 14:16:05,8.663043478,3.097826087,7.608695652,7.406343507,1.323758229,6.7839617,1,10.76948603,92.85494193,-0.9007633588,-4.213740458,-0.1679389313,-0.179910045,0.1394302849,-0.1424287856,1273.992674,965
2023/06/29 14:16:05,8.565217391,3.130434783,7.663043478,7.224416517,1.295032914,6.666666667,1,10.73374941,93.16409037,1.389312977,0.9007633588,7.007633588,-0.1829085457,0.1409295352,-0.1469265367,1246.886447,965
2023/06/29 14:16:06,8.630434783,2.923913043,7.739130435,7.585876721,1.256732496,6.898862956,1,10.6673814,93.74371859,6.167938931,1.34351145,5.389312977,-0.1979010495,0.1379310345,-0.1394302849,1224.175824,966
2023/06/29 14:16:06,8.554347826,2.967391304,7.782608696,7.540394973,1.220825853,6.755236385,1,10.56527677,94.64967383,0.3053435115,7.389312977,3.007633588,-0.1844077961,0.1424287856,-0.1379310345,1206.593407,966
2023/06/29 14:16:06,8.532608696,2.902173913,7.815217391,7.466187911,1.182525434,6.894075404,1,10.46827737,95.5267008,0.106870229,1.648854962,-0.8396946565,-0.191904048,0.143928036,-0.1349325337,1350.18315,966
2023/06/29 14:16:06,8.597826087,2.77173913,7.847826087,7.365649312,1.031717534,6.903650509,1,10.3610675,96.51515152,1.511450382,1.709923664,3.160305344,-0.1889055472,0.1409295352,-0.1394302849,1419.78022,966
2023/06/29 14:16:06,8.52173913,2.923913043,7.826086957,7.497307002,1.08438061,6.94673848,1,10.24364718,97.62148019,4.41221374,1.435114504,2.106870229,-0.1934032984,0.1334332834,-0.1334332834,1455.677656,966
2023/06/29 14:16:07,8.576086957,2.804347826,7.652173913,7.413524835,1.089168163,6.738479952,1,10.12112162,98.80327869,-2.045801527,0.7480916031,3.511450382,-0.1859070465,0.1409295352,-0.1274362819,1340.659341,967
2023/06/29 14:16:07,8.684782609,2.641304348,7.836956522,7.487731897,0.9239976062,6.810293238,1,10.00370129,99.96300077,-4.65648855,0.7328244275,2.961832061,-0.1994002999,0.1499250375,-0.1364317841,1413.919414,967
2023/06/29 14:16:07,8.413043478,2.5,7.847826087,7.243566727,0.6822262118,6.939557151,1,9.916912356,100.8378378,-0.5496183206,0.1679389313,7.877862595,-0.2023988006,0.1514242879,-0.1289355322,1452.747253,967
2023/06/29 14:16:07,8.641304348,2.391304348,7.652173913,7.638539797,0.552962298,6.817474566,1,9.860754808,101.4121149,0.8244274809,-4.748091603,6.839694656,-0.203898051,0.1484257871,-0.1229385307,1337.728938,967
2023/06/29 14:16:07,8.77173913,2.282608696,7.630434783,7.681627768,0.4619988031,6.736086176,1,9.830123419,101.7281226,-0.2290076336,-1.740458015,4.213740458,-0.2113943028,0.1499250375,-0.1154422789,1287.179487,967
2023/06/29 14:16:08,8.880434783,2.065217391,7.5,7.729503291,0.3375224417,6.525433872,1,9.809702493,101.9398907,-4.732824427,-2.198473282,1.083969466,-0.2233883058,0.1394302849,-0.1154422789,1282.783883,968
2023/06/29 14:16:08,8.945652174,2.010869565,7.445652174,7.853979653,0.2034709755,6.50149611,1,9.784176335,102.205844,-2.839694656,0.534351145,-0.320610687,-0.2263868066,0.1514242879,-0.1124437781,1283.516484,968
2023/06/29 14:16:08,8.891304348,1.891304348,7.467391304,7.86834231,0.08378216637,6.408138839,1,9.763755408,102.4196078,-6.335877863,3.099236641,-2.305343511,-0.2203898051,0.1379310345,-0.1229385307,1282.783883,968
2023/06/29 14:16:08,8.891304348,1.793478261,7.554347826,7.727109515,-0.05745062837,6.585278276,1,9.728018787,102.7958541,-2.091603053,4.076335878,-1.114503817,-0.2098950525,0.1349325337,-0.1274362819,1267.399267,968
2023/06/29 14:16:08,8.891304348,1.815217391,7.597826087,7.712746858,-0.04069419509,6.578096948,1,9.692282166,103.1748749,-4.381679389,2.458015267,-2.946564885,-0.2248875562,0.1514242879,-0.1244377811,1254.212454,968
2023/06/29 14:16:09,8.77173913,1.815217391,7.684782609,7.612208259,-0.02393776182,6.745661281,1,9.661650777,103.5019815,-0.3969465649,2.992366412,-0.6259541985,-0.2188905547,0.1424287856,-0.1304347826,1234.432234,969
2023/06/29 14:16:09,8.793478261,1.869565217,7.641304348,7.664871335,-0.009575104728,6.654697786,1,9.656545545,103.556701,-0.9770992366,2.946564885,-0.7938931298,-0.2083958021,0.131934033,-0.131934033,1231.501832,969
2023/06/29 14:16:09,8.760869565,1.869565217,7.72826087,7.571514063,-0.002393776182,6.805505685,1,9.717808324,102.9038613,-0.9618320611,4.381679389,-0.2595419847,-0.2023988006,0.1529235382,-0.1394302849,1217.582418,969
2023/06/29 14:16:09,8.706521739,1.826086957,7.826086957,7.516457211,-0.01675643327,6.831837223,1,9.835228651,101.6753179,-1.404580153,2.458015267,-1.312977099,-0.2098950525,0.1364317841,-0.1364317841,1353.846154,969
2023/06/29 14:16:09,8.663043478,1.836956522,7.858695652,7.518850987,-0.05026929982,6.870137642,1,9.983280367,100.1674763,-1.328244275,2.106870229,-1.297709924,-0.1994002999,0.1349325337,-0.1394302849,1416.849817,969
2023/06/29 14:16:10,8.641304348,1.891304348,7.836956522,7.47336924,-0.04308797127,6.884500299,1,10.10070069,99.0030326,-0.4732824427,1.679389313,-1.114503817,-0.2098950525,0.1379310345,-0.1424287856,1449.81685,970