Shimmer_3B52_TimestampSync_FormattedUnix_CAL,Shimmer_3B52_Accel_LN_X_CAL,Shimmer_3B52_Accel_LN_Y_CAL,Shimmer_3B52_Accel_LN_Z_CAL,Shimmer_3B52_Accel_WR_X_CAL,Shimmer_3B52_Accel_WR_Y_CAL,Shimmer_3B52_Accel_WR_Z_CAL,Shimmer_3B52_GSR_Range_CAL,conductance,Shimmer_3B52_GSR_Skin_Resistance_CAL,Shimmer_3B52_Gyro_X_CAL,Shimmer_3B52_Gyro_Y_CAL,Shimmer_3B52_Gyro_Z_CAL,Shimmer_3B52_Mag_X_CAL,Shimmer_3B52_Mag_Y_CAL,Shimmer_3B52_Mag_Z_CAL,Shimmer_3B52_PPG_A13_CAL,,time
2023/06/29 14:12:52,6.02173913,0.5869565217,9.836956522,4.572112507,-1.488928785,9.086774387,0,64.09345215,15.6022178,-0.6717557252,1.465648855,-0.8702290076,-0.06596701649,0.2563718141,-0.2608695652,1295.238095,12:52,772
2023/06/29 14:12:52,6.032608696,0.5869565217,9.804347826,4.552962298,-1.488928785,9.101137044,0,64.09345215,15.6022178,-1.129770992,1.236641221,-0.8091603053,-0.06446776612,0.263868066,-0.2533733133,1304.761905,12:52,772
2023/06/29 14:12:52,6.02173913,0.6195652174,9.836956522,4.560143627,-1.500897666,9.132256134,0,64.09345215,15.6022178,-0.6564885496,0.427480916,-0.3969465649,-0.06146926537,0.263868066,-0.2563718141,1300.3663,12:52,772
2023/06/29 14:12:52,6.032608696,0.5760869565,9.815217391,4.60801915,-1.49850389,9.115499701,0,64.09345215,15.6022178,-0.6717557252,1.465648855,-1.145038168,-0.05847076462,0.2608695652,-0.2533733133,1303.296703,12:52,772
2023/06/29 14:12:52,6.043478261,0.597826087,9.836956522,4.564931179,-1.464991023,9.115499701,0,64.09345215,15.6022178,-0.3511450382,1.236641221,-0.4427480916,-0.06746626687,0.2563718141,-0.2533733133,1299.6337,12:52,772
2023/06/29 14:12:53,6,0.5652173913,9.826086957,4.57690006,-1.496110114,9.115499701,0,9.385307893,106.5495146,-0.7633587786,0.8091603053,-0.5038167939,-0.06446776612,0.2488755622,-0.2578710645,1301.831502,12:53,773
2023/06/29 14:12:53,6.076086957,0.5543478261,9.858695652,4.555356074,-1.493716338,9.13464991,1,9.462546745,105.679795,-1.06870229,1.709923664,-0.7938931298,-0.05997001499,0.2608695652,-0.2533733133,1312.087912,12:53,773
2023/06/29 14:12:53,6.108695652,0.6195652174,9.836956522,4.588868941,-1.515260323,9.108318372,1,9.416599661,106.1954459,-0.9770992366,1.038167939,-1.06870229,-0.05547226387,0.2563718141,-0.251874063,1304.029304,12:53,773
2023/06/29 14:12:53,5.869565217,0.5869565217,9.934782609,4.603231598,-1.584679832,9.144225015,1,9.370652576,106.7161536,0.1526717557,4.641221374,-2.335877863,-0.06596701649,0.2503748126,-0.2488755622,1291.575092,12:53,773
2023/06/29 14:12:53,5.847826087,0.597826087,9.826086957,4.519449431,-1.455415919,9.163375224,1,9.324705492,107.2419929,3.34351145,3.908396947,0.07633587786,-0.05247376312,0.2563718141,-0.2653673163,1298.901099,12:53,773
2023/06/29 14:12:54,6.163043478,0.6304347826,9.793478261,4.505086774,-1.424296828,9.108318372,1,9.309389797,107.4184261,3.740458015,1.389312977,3.633587786,-0.05997001499,0.2593703148,-0.2623688156,1304.029304,12:54,774
2023/06/29 14:12:54,6.032608696,0.6086956522,9.967391304,4.560143627,-1.318970676,9.23518851,1,9.268547945,107.8917654,4.13740458,-0.6564885496,6.595419847,-0.05397301349,0.2473763118,-0.2728635682,1281.318681,12:54,774
2023/06/29 14:12:54,5.065217391,1,10.16304348,4.16277678,-1.378815081,9.438659485,1,9.232811323,108.3093724,12.70229008,10.79389313,13.74045802,-0.04497751124,0.23988006,-0.2848575712,1243.956044,12:54,774
2023/06/29 14:12:54,5.586956522,0.9130434783,10.19565217,3.755834829,-1.144225015,9.388390186,1,9.197074702,108.7302248,8.41221374,5.740458015,19.45038168,-0.023988006,0.2218890555,-0.2983508246,1223.443223,12:54,774
2023/06/29 14:12:54,5.532608696,1.043478261,10.05434783,4.165170557,-0.9168162777,9.359664871,1,9.191969471,108.7906137,0.4427480916,-11.83206107,12.82442748,-0.01949025487,0.2203898051,-0.3133433283,1228.571429,12:54,774
2023/06/29 14:12:55,6.054347826,0.5652173913,10.19565217,3.688809096,-1.433871933,9.534410533,1,9.248127018,108.1300028,0.7175572519,-8.290076336,22.5648855,-0.03748125937,0.2233883058,-0.3223388306,1213.919414,12:55,775
2023/06/29 14:12:55,5.793478261,1.130434783,9.880434783,5.125074806,-1.122681029,9.464991023,1,9.370652576,106.7161536,11.16030534,-12.50381679,-1.007633588,-0.06446776612,0.2113943028,-0.3133433283,1252.014652,12:55,775
2023/06/29 14:12:55,6.75,0.9347826087,9.586956522,4.73967684,-1.101137044,8.981448235,1,9.513599061,105.1126912,21.00763359,-15.23664122,26.53435115,-0.09445277361,0.2008995502,-0.3028485757,1312.087912,12:55,775
2023/06/29 14:12:55,7.130434783,1.293478261,8.880434783,5.666068223,-0.9168162777,8.366247756,1,9.64122985,103.7212073,10.36641221,-20.85496183,22.04580153,-0.1244377811,0.1889055472,-0.3043478261,1269.59707,12:55,775
2023/06/29 14:12:55,7.891304348,0.75,8.630434783,6.353081987,-0.8641532017,7.820466786,1,9.712703092,102.9579501,-13.92366412,-24.85496183,0.7938931298,-0.1544227886,0.191904048,-0.2848575712,1290.842491,12:55,775
2023/06/29 14:12:56,8.22826087,0.652173913,8.652173913,6.707360862,-1.371633752,7.648114901,1,9.748439714,102.5805185,-15.3740458,-6.503816794,-9.389312977,-0.1874062969,0.2023988006,-0.2578710645,1298.168498,12:56,776
2023/06/29 14:12:56,7.967391304,0.847826087,8,7.147815679,-1.302214243,7.444643926,1,9.763755408,102.4196078,-6.061068702,3.572519084,-18.59541985,-0.203898051,0.2113943028,-0.2533733133,1378.021978,12:56,776
2023/06/29 14:12:56,8.206521739,0.5434782609,8.086956522,6.827049671,-1.718731299,6.817474566,1,9.76886064,102.3660831,-15.61832061,13.92366412,2.381679389,-0.1994002999,0.1994002999,-0.2428785607,1405.128205,12:56,776
2023/06/29 14:12:56,8.130434783,0.2717391304,8.445652174,7.042489527,-2.046678636,7.344105326,1,9.794386798,102.0992963,-9.770992366,0.8702290076,-0.534351145,-0.191904048,0.2218890555,-0.2533733133,1375.091575,12:56,776
2023/06/29 14:12:56,8.119565217,0.09782608696,8.195652174,6.824655895,-2.037103531,7.549970078,1,9.825018187,101.7809821,7.282442748,-1.480916031,5.755725191,-0.1994002999,0.2203898051,-0.2443778111,1394.871795,12:56,776
2023/06/29 14:12:57,8.326086957,0.2065217391,7.967391304,7.092758827,-1.982046679,7.049670856,1,9.911807124,100.8897759,3.282442748,-0.7633587786,-0.09160305344,-0.2128935532,0.2233883058,-0.2548725637,1424.175824,12:57,777
2023/06/29 14:12:57,8.152173913,0.3260869565,8.076086957,6.953919808,-1.84320766,7.157390784,1,9.988385598,100.1162791,1.633587786,0.8549618321,2.061068702,-0.2023988006,0.2218890555,-0.2458770615,1428.571429,12:57,777
2023/06/29 14:12:57,8.152173913,0.1413043478,8.097826087,6.968282466,-1.778575703,7.123877917,1,10.05475361,99.45544554,-2.580152672,-0.7938931298,-0.9770992366,-0.2008995502,0.2203898051,-0.2428785607,1425.641026,12:57,777
2023/06/29 14:12:57,8.206521739,0.2282608696,8.065217391,7.008976661,-1.955715141,7.154997008,1,10.08027977,99.20359585,-0.7175572519,1.328244275,-0.8091603053,-0.2083958021,0.2233883058,-0.2578710645,1433.699634,12:57,777
2023/06/29 14:12:57,8.195652174,0.2391304348,8.043478261,6.999401556,-1.926989826,7.133453022,1,10.08027977,99.20359585,-1.190839695,0.9465648855,-0.7480916031,-0.1979010495,0.2143928036,-0.251874063,1438.095238,12:57,777
2023/06/29 14:12:58,8.206521739,0.2282608696,8.032608696,6.999401556,-1.941352484,7.145421903,1,10.06496407,99.35455237,-0.2595419847,1.419847328,-0.5496183206,-0.2008995502,0.2203898051,-0.2533733133,1440.29304,12:58,778
2023/06/29 14:12:58,8.217391304,0.1847826087,8.043478261,6.987432675,-1.895870736,7.131059246,1,10.03943791,99.6071701,-0.03053435115,0.1526717557,0.1526717557,-0.2053973013,0.2188905547,-0.2503748126,1441.025641,12:58,778
2023/06/29 14:12:58,8.195652174,0.2173913043,8.097826087,7.056852184,-1.907839617,7.073608618,1,10.00880652,99.91201224,-0.7938931298,1.358778626,-0.7022900763,-0.2068965517,0.215892054,-0.2488755622,1432.967033,12:58,778
2023/06/29 14:12:58,8.22826087,0.1956521739,8.054347826,7.044883303,-1.936564931,7.097546379,1,9.952648977,100.475763,-0.4885496183,1.007633588,-0.8854961832,-0.2083958021,0.2203898051,-0.2488755622,1433.699634,12:58,778
2023/06/29 14:12:58,8.239130435,0.1739130435,8.032608696,7.02812687,-1.929383603,7.107121484,1,9.89649143,101.0459118,-0.8396946565,1.038167939,-1.022900763,-0.2068965517,0.2173913043,-0.2488755622,1438.827839,12:58,778
2023/06/29 14:12:59,8.22826087,0.25,8.032608696,7.025733094,-1.965290245,7.121484141,1,9.835228651,101.6753179,-0.4427480916,-0.1679389313,-0.7480916031,-0.2083958021,0.2218890555,-0.2488755622,1441.025641,12:59,779
2023/06/29 14:12:59,8.217391304,0.1956521739,8.065217391,7.054458408,-1.97486535,7.097546379,1,9.76886064,102.3660831,-0.5648854962,0.7480916031,-1.007633588,-0.2083958021,0.2083958021,-0.251874063,1441.758242,12:59,779
2023/06/29 14:12:59,8.260869565,0.1956521739,8.02173913,7.02812687,-1.948533812,7.102333932,1,9.692282166,103.1748749,-0.7328244275,0.6106870229,-0.8702290076,-0.2053973013,0.215892054,-0.2548725637,1446.153846,12:59,779
2023/06/29 14:12:59,8.25,0.1847826087,8,7.018551765,-1.931777379,7.090365051,1,9.625914156,103.8862371,-0.7480916031,1.389312977,-0.9923664122,-0.2068965517,0.2143928036,-0.2548725637,1449.084249,12:59,779
2023/06/29 14:12:59,8.217391304,0.1847826087,8.043478261,7.030520646,-1.936564931,7.087971275,1,9.569756608,104.4958656,-0.9007633588,1.389312977,-0.4580152672,-0.2128935532,0.2143928036,-0.2428785607,1446.153846,12:59,779
2023/06/29 14:13:00,8.293478261,0.1195652174,8.010869565,7.001795332,-1.898264512,7.090365051,1,9.508493829,105.1691275,-0.6717557252,1.297709924,-0.4885496183,-0.2068965517,0.1994002999,-0.2368815592,1446.153846,13:00,780
2023/06/29 14:13:00,8.22826087,0.2065217391,8.032608696,6.992220227,-1.92459605,7.121484141,1,9.452336282,105.7939509,-0.7786259542,0.7175572519,-0.320610687,-0.2068965517,0.2173913043,-0.2548725637,1444.688645,13:00,780
2023/06/29 14:13:00,8.195652174,0.1847826087,8.065217391,7.04727708,-1.94374626,7.095152603,1,9.406389197,106.3107191,-0.2900763359,1.572519084,-0.3664122137,-0.2083958021,0.2143928036,-0.2503748126,1443.223443,13:00,780
2023/06/29 14:13:00,8.206521739,0.1739130435,8.054347826,7.023339318,-1.922202274,7.097546379,1,9.360442113,106.8325607,-0.7022900763,1.312977099,-0.6106870229,-0.203898051,0.2188905547,-0.2548725637,1438.827839,13:00,780
2023/06/29 14:13:00,8.22826087,0.1847826087,8.054347826,7.018551765,-1.936564931,7.102333932,1,9.31960026,107.3007395,-0.2442748092,1.297709924,-1.190839695,-0.2128935532,0.2188905547,-0.2533733133,1436.630037,13:00,780
2023/06/29 14:13:01,8.141304348,0.25,8.032608696,7.030520646,-1.936564931,7.111909037,1,9.273653176,107.8323699,-0.06106870229,0.2595419847,-0.1679389313,-0.2113943028,0.2233883058,-0.2428785607,1440.29304,13:01,781
2023/06/29 14:13:01,8.195652174,0.1956521739,8.108695652,7.068821065,-1.960502693,7.085577499,1,9.243021787,108.1897266,-0.7022900763,1.007633588,-1.053435115,-0.2083958021,0.2128935532,-0.251874063,1436.630037,13:01,781
2023/06/29 14:13:01,8.25,0.2173913043,8.043478261,7.02812687,-1.946140036,7.107121484,1,9.212390397,108.5494597,-0.6106870229,1.038167939,-0.8244274809,-0.2068965517,0.2173913043,-0.251874063,1439.56044,13:01,781
2023/06/29 14:13:01,8.239130435,0.2065217391,8.02173913,7.023339318,-1.92459605,7.102333932,1,9.176653776,108.9721836,-0.7786259542,0.9312977099,-0.5038167939,-0.2053973013,0.2203898051,-0.2473763118,1445.421245,13:01,781
2023/06/29 14:13:01,8.22826087,0.1739130435,8.032608696,7.035308199,-1.938958707,7.099940156,1,9.151127618,109.2761506,-0.5954198473,1.267175573,-0.6870229008,-0.2053973013,0.2173913043,-0.2503748126,1444.688645,13:01,781
2023/06/29 14:13:02,8.25,0.152173913,8.076086957,7.032914423,-1.936564931,7.102333932,1,9.115390997,109.7045645,-0.4885496183,1.511450382,-1.099236641,-0.2053973013,0.2143928036,-0.2473763118,1439.56044,13:02,782
2023/06/29 14:13:02,8.293478261,0.1739130435,8.02173913,7.059245961,-1.955715141,7.087971275,1,9.089864839,110.0126369,-0.6259541985,1.877862595,-0.7328244275,-0.2068965517,0.2173913043,-0.2488755622,1445.421245,13:02,782
2023/06/29 14:13:02,8.22826087,0.1847826087,8.032608696,7.016157989,-1.919808498,7.104727708,1,9.069443913,110.2603434,-0.7022900763,0.7786259542,-0.320610687,-0.2053973013,0.227886057,-0.2473763118,1444.688645,13:02,782
2023/06/29 14:13:02,8.27173913,0.1739130435,8.032608696,7.02812687,-1.926989826,7.083183722,1,9.043917755,110.5715495,-0.534351145,1.419847328,-0.534351145,-0.2128935532,0.227886057,-0.2413793103,1444.688645,13:02,782
2023/06/29 14:13:02,8.239130435,0.1630434783,8.032608696,7.013764213,-1.917414722,7.087971275,1,9.023496828,110.8217822,-0.5801526718,1.022900763,-0.5954198473,-0.203898051,0.2173913043,-0.2473763118,1443.956044,13:02,782
2023/06/29 14:13:03,8.206521739,0.1847826087,8.043478261,7.030520646,-1.926989826,7.092758827,1,8.99797067,111.1361702,-0.6717557252,1.664122137,-0.3664122137,-0.2068965517,0.2248875562,-0.2443778111,1443.223443,13:03,783
2023/06/29 14:13:03,8.293478261,0.1304347826,7.97826087,6.989826451,-1.888689408,7.07839617,1,8.977549744,111.3889679,-0.4580152672,1.374045802,-0.6717557252,-0.2068965517,0.215892054,-0.251874063,1453.479853,13:03,783
2023/06/29 14:13:03,8.260869565,0.2173913043,8.043478261,7.016157989,-1.931777379,7.111909037,1,8.957128818,111.6429182,-1.083969466,1.053435115,-0.427480916,-0.2098950525,0.2218890555,-0.2473763118,1448.351648,13:03,783
2023/06/29 14:13:03,8.22826087,0.2065217391,8.032608696,7.044883303,-1.950927588,7.102333932,1,8.93160266,111.9619891,-0.3358778626,1.022900763,-0.7633587786,-0.2128935532,0.2203898051,-0.2533733133,1446.153846,13:03,783
2023/06/29 14:13:03,8.195652174,0.1630434783,8.043478261,7.018551765,-1.917414722,7.095152603,1,8.911181733,112.218562,-0.4885496183,1.175572519,-0.7328244275,-0.215892054,0.2203898051,-0.2488755622,1444.688645,13:03,783
2023/06/29 14:13:04,8.22826087,0.1847826087,8.065217391,7.032914423,-1.92459605,7.090365051,1,8.890760807,112.4763135,-0.6717557252,1.557251908,-0.8549618321,-0.2053973013,0.2233883058,-0.2533733133,1443.223443,13:04,784
2023/06/29 14:13:04,8.239130435,0.1847826087,8.02173913,7.02812687,-1.950927588,7.111909037,1,8.870339881,112.7352518,-0.5954198473,0.106870229,-0.9770992366,-0.2068965517,0.2233883058,-0.2413793103,1447.619048,13:04,784
2023/06/29 14:13:04,8.206521739,0.2391304348,8.010869565,7.066427289,-1.958108917,7.090365051,1,8.849918954,112.9953851,-0.9770992366,1.038167939,-0.9160305344,-0.2173913043,0.215892054,-0.2473763118,1446.153846,13:04,784
2023/06/29 14:13:04,8.27173913,0.1630434783,8.054347826,7.018551765,-1.917414722,7.092758827,1,8.824392797,113.3222447,-0.9160305344,1.86259542,-0.8244274809,-0.2068965517,0.2188905547,-0.2443778111,1441.025641,13:04,784
2023/06/29 14:13:04,8.239130435,0.2065217391,8.032608696,7.016157989,-1.919808498,7.097546379,1,8.80397187,113.5850971,-0.5190839695,1.465648855,-0.5038167939,-0.2008995502,0.2128935532,-0.2488755622,1442.490842,13:04,784
2023/06/29 14:13:05,8.22826087,0.1739130435,8.010869565,7.037701975,-1.938958707,7.095152603,1,8.783550944,113.8491718,-0.4580152672,0.9923664122,-0.7480916031,-0.203898051,0.2173913043,-0.2533733133,1443.956044,13:05,785
2023/06/29 14:13:05,8.206521739,0.2065217391,8.065217391,7.02812687,-1.931777379,7.095152603,1,8.763130017,114.1144771,-0.5648854962,1.236641221,-0.7938931298,-0.203898051,0.2113943028,-0.2428785607,1443.223443,13:05,785
2023/06/29 14:13:05,8.282608696,0.1739130435,8.065217391,7.001795332,-1.879114303,7.085577499,1,8.742709091,114.3810219,-0.6106870229,1.679389313,-0.3358778626,-0.203898051,0.2128935532,-0.2413793103,1442.490842,13:05,785
2023/06/29 14:13:05,8.27173913,0.1956521739,8.043478261,7.008976661,-1.903052065,7.087971275,1,8.717182933,114.715959,-0.9160305344,1.877862595,-0.6106870229,-0.2128935532,0.2143928036,-0.2488755622,1443.223443,13:05,785
2023/06/29 14:13:05,8.217391304,0.1739130435,8.032608696,7.049670856,-1.948533812,7.102333932,1,8.701867238,114.9178645,-0.5038167939,1.038167939,-0.8549618321,-0.2023988006,0.2113943028,-0.2443778111,1443.223443,13:05,785
2023/06/29 14:13:06,8.239130435,0.1956521739,8.054347826,7.037701975,-1.919808498,7.090365051,1,8.676341081,115.2559576,-0.8854961832,1.389312977,-0.5496183206,-0.203898051,0.2098950525,-0.2473763118,1439.56044,13:06,786
2023/06/29 14:13:06,8.239130435,0.1847826087,8.032608696,7.030520646,-1.934171155,7.097546379,1,8.661025386,115.4597701,-0.8244274809,1.496183206,-0.8702290076,-0.2023988006,0.2188905547,-0.2428785607,1441.758242,13:06,786
2023/06/29 14:13:06,8.260869565,0.1630434783,8.065217391,7.016157989,-1.910233393,7.092758827,1,8.635499228,115.8010641,-0.3664122137,0.5648854962,-1.038167939,-0.2113943028,0.2143928036,-0.2413793103,1441.758242,13:06,786
2023/06/29 14:13:06,8.195652174,0.2282608696,8.02173913,7.099940156,-1.984440455,7.080789946,1,8.615078301,116.0755556,-0.4427480916,1.007633588,-0.8854961832,-0.2053973013,0.215892054,-0.2533733133,1446.886447,13:06,786
2023/06/29 14:13:06,8.22826087,0.1630434783,8.054347826,7.030520646,-1.934171155,7.102333932,1,8.594657375,116.3513514,-1.083969466,1.58778626,-0.7175572519,-0.2053973013,0.2143928036,-0.2548725637,1441.025641,13:06,786
2023/06/29 14:13:07,8.260869565,0.1847826087,8.010869565,7.023339318,-1.917414722,7.090365051,1,8.574236449,116.6284609,-0.8244274809,0.9923664122,-0.8702290076,-0.2053973013,0.2173913043,-0.2503748126,1442.490842,13:07,787
2023/06/29 14:13:07,8.239130435,0.1956521739,8.02173913,7.030520646,-1.919808498,7.085577499,1,8.548710291,116.9767095,-0.6564885496,0.7480916031,-0.7786259542,-0.2068965517,0.2143928036,-0.2443778111,1447.619048,13:07,787
2023/06/29 14:13:07,8.239130435,0.2065217391,8.02173913,7.044883303,-1.926989826,7.07839617,1,8.528289365,117.2568093,-0.5801526718,1.419847328,-0.5954198473,-0.2128935532,0.2143928036,-0.2458770615,1449.81685,13:07,787
2023/06/29 14:13:07,8.260869565,0.1630434783,8.076086957,7.025733094,-1.929383603,7.087971275,1,8.507868438,117.5382538,-0.5038167939,1.34351145,-0.6717557252,-0.203898051,0.2188905547,-0.2488755622,1441.758242,13:07,787
2023/06/29 14:13:07,8.260869565,0.1739130435,7.989130435,7.013764213,-1.900658288,7.092758827,1,8.48234228,117.8919651,-1.175572519,1.770992366,-0.4732824427,-0.2068965517,0.2248875562,-0.2503748126,1448.351648,13:07,787
2023/06/29 14:13:08,8.217391304,0.1847826087,8.032608696,7.040095751,-1.946140036,7.092758827,1,8.467026585,118.1052156,-0.4580152672,1.251908397,-1.083969466,-0.2113943028,0.2203898051,-0.2548725637,1446.153846,13:08,788
2023/06/29 14:13:08,8.25,0.1847826087,8.02173913,7.030520646,-1.912627169,7.07839617,1,8.446605659,118.3907525,-0.9770992366,1.221374046,-0.7175572519,-0.2098950525,0.2113943028,-0.2458770615,1449.084249,13:08,788
2023/06/29 14:13:08,8.27173913,0.2065217391,8.032608696,7.037701975,-1.934171155,7.092758827,1,8.426184733,118.6776734,-0.4580152672,1.572519084,-0.7786259542,-0.2098950525,0.2143928036,-0.2488755622,1446.886447,13:08,788
2023/06/29 14:13:08,8.195652174,0.25,8.032608696,7.030520646,-1.92459605,7.097546379,1,8.405763806,118.9659885,-0.1679389313,0.4732824427,-0.427480916,-0.203898051,0.2143928036,-0.2353823088,1445.421245,13:08,788
2023/06/29 14:13:08,8.25,0.2065217391,8.076086957,7.080789946,-1.958108917,7.064033513,1,8.38534288,119.2557078,-0.8091603053,1.358778626,-0.7175572519,-0.2128935532,0.2143928036,-0.2563718141,1439.56044,13:08,788
2023/06/29 14:13:09,8.260869565,0.1630434783,8.02173913,7.02812687,-1.938958707,7.104727708,1,8.364921954,119.5468416,-0.427480916,1.099236641,-0.7022900763,-0.2098950525,0.215892054,-0.2533733133,1445.421245,13:09,789
2023/06/29 14:13:09,8.239130435,0.2173913043,8,7.035308199,-1.915020946,7.083183722,1,8.339395796,119.912764,-0.8854961832,1.312977099,-0.6717557252,-0.2098950525,0.2143928036,-0.2488755622,1449.81685,13:09,789
2023/06/29 14:13:09,8.22826087,0.2065217391,8.054347826,7.032914423,-1.941352484,7.097546379,1,8.324080101,120.1333947,-0.5648854962,1.541984733,-0.7022900763,-0.203898051,0.2113943028,-0.2413793103,1442.490842,13:09,789
2023/06/29 14:13:09,8.22826087,0.1739130435,8.065217391,7.040095751,-1.922202274,7.07839617,1,8.303659175,120.4288349,-0.641221374,1.755725191,-0.7328244275,-0.203898051,0.2098950525,-0.2548725637,1442.490842,13:09,789
2023/06/29 14:13:09,8.304347826,0.1413043478,8.032608696,7.032914423,-1.926989826,7.092758827,1,8.283238248,120.7257319,-0.5496183206,2.030534351,-0.7633587786,-0.2023988006,0.2173913043,-0.2488755622,1443.223443,13:09,789
2023/06/29 14:13:10,8.206521739,0.2282608696,8.02173913,6.999401556,-1.905445841,7.10951526,1,8.273027785,120.87473,-0.7938931298,0.641221374,-0.09160305344,-0.2068965517,0.227886057,-0.2488755622,1447.619048,13:10,790
2023/06/29 14:13:10,8.22826087,0.2173913043,8.054347826,7.023339318,-1.919808498,7.099940156,1,8.247501627,121.2488394,-0.4427480916,0.8854961832,-0.6717557252,-0.203898051,0.2128935532,-0.2473763118,1441.025641,13:10,790
2023/06/29 14:13:10,8.25,0.1739130435,8.054347826,7.013764213,-1.907839617,7.092758827,1,8.227080701,121.5497983,-0.8854961832,0.9465648855,-0.7786259542,-0.2023988006,0.2173913043,-0.2458770615,1438.095238,13:10,790
2023/06/29 14:13:10,8.22826087,0.2173913043,8.032608696,7.025733094,-1.92459605,7.099940156,1,8.211765006,121.7764998,-0.5190839695,1.160305344,-0.6870229008,-0.2053973013,0.2188905547,-0.2548725637,1441.025641,13:10,790
2023/06/29 14:13:10,8.22826087,0.2173913043,8.032608696,7.037701975,-1.917414722,7.092758827,1,8.211765006,121.7764998,-0.9618320611,1.053435115,-1.328244275,-0.1994002999,0.2113943028,-0.2533733133,1441.025641,13:10,790
2023/06/29 14:13:11,8.22826087,0.25,8.032608696,7.076002394,-1.965290245,7.073608618,1,8.176028385,122.308773,-0.6106870229,0.7786259542,-0.9923664122,-0.2053973013,0.2128935532,-0.2443778111,1443.223443,13:11,791
2023/06/29 14:13:11,8.239130435,0.1630434783,8.032608696,7.035308199,-1.926989826,7.085577499,1,8.16071269,122.5383172,-1.022900763,0.9465648855,-0.9923664122,-0.2113943028,0.2173913043,-0.2563718141,1443.956044,13:11,791
2023/06/29 14:13:11,8.27173913,0.1956521739,8.02173913,7.042489527,-1.917414722,7.073608618,1,8.135186532,122.9228114,-0.5801526718,1.251908397,-0.5954198473,-0.2113943028,0.2203898051,-0.2458770615,1448.351648,13:11,791
2023/06/29 14:13:11,8.260869565,0.1739130435,8.010869565,7.040095751,-1.922202274,7.083183722,1,8.124976069,123.0772856,-0.7022900763,1.053435115,-0.7786259542,-0.2068965517,0.2173913043,-0.2488755622,1446.886447,13:11,791
2023/06/29 14:13:11,8.27173913,0.1739130435,8.065217391,7.042489527,-1.919808498,7.085577499,1,8.099449911,123.4651749,-0.3511450382,1.694656489,-1.038167939,-0.2083958021,0.2233883058,-0.2428785607,1444.688645,13:11,791
2023/06/29 14:13:12,8.315217391,0.1739130435,8.010869565,7.020945542,-1.883901855,7.073608618,1,8.089239448,123.6210161,-0.7480916031,1.236641221,-0.7175572519,-0.2173913043,0.215892054,-0.2488755622,1444.688645,13:12,792
2023/06/29 14:13:12,8.239130435,0.2282608696,8.054347826,7.054458408,-1.936564931,7.07839617,1,8.068818522,123.9338817,-0.9465648855,1.053435115,-0.320610687,-0.2098950525,0.2218890555,-0.2533733133,1439.56044,13:12,792
2023/06/29 14:13:12,8.239130435,0.2173913043,8.054347826,7.059245961,-1.948533812,7.071214841,1,8.058608059,124.0909091,-0.7633587786,1.297709924,-1.007633588,-0.2113943028,0.2203898051,-0.2353823088,1437.362637,13:12,792
2023/06/29 14:13:12,8.22826087,0.1956521739,8.043478261,7.044883303,-1.915020946,7.07839617,1,8.043292364,124.3271977,-0.8854961832,1.267175573,-0.7480916031,-0.203898051,0.2143928036,-0.2548725637,1440.29304,13:12,792
2023/06/29 14:13:12,8.27173913,0.1630434783,8.065217391,7.056852184,-1.941352484,7.090365051,1,8.022871438,124.6436526,-1.114503817,2.122137405,-1.175572519,-0.2128935532,0.2203898051,-0.251874063,1441.758242,13:12,792
2023/06/29 14:13:13,8.282608696,0.1847826087,8.010869565,7.080789946,-1.953321364,7.066427289,1,8.007555743,124.8820529,-0.9923664122,2.015267176,-0.9160305344,-0.2143928036,0.2218890555,-0.2503748126,1443.223443,13:13,793
2023/06/29 14:13:13,8.195652174,0.2173913043,8.054347826,7.030520646,-1.936564931,7.092758827,1,7.987134816,125.2013423,-1.175572519,1.190839695,-0.6106870229,-0.203898051,0.2338830585,-0.251874063,1439.56044,13:13,793
2023/06/29 14:13:13,8.260869565,0.1956521739,8.032608696,7.032914423,-1.917414722,7.087971275,1,7.971819122,125.4418828,-0.4885496183,1.083969466,-1.099236641,-0.2098950525,0.2173913043,-0.251874063,1442.490842,13:13,793
2023/06/29 14:13:13,8.239130435,0.1847826087,8.043478261,7.020945542,-1.919808498,7.090365051,1,7.961608658,125.6027573,-0.8854961832,1.022900763,-0.9160305344,-0.2098950525,0.2203898051,-0.2443778111,1442.490842,13:13,793
2023/06/29 14:13:13,8.22826087,0.1847826087,8.043478261,7.02812687,-1.934171155,7.099940156,1,7.941187732,125.9257473,-0.5190839695,1.511450382,-0.9160305344,-0.2098950525,0.215892054,-0.2428785607,1443.223443,13:13,793
2023/06/29 14:13:14,8.184782609,0.2717391304,8.032608696,7.025733094,-1.946140036,7.111909037,1,7.930977269,126.0878661,-0.1221374046,0.7938931298,-0.4580152672,-0.2098950525,0.2143928036,-0.2443778111,1443.956044,13:14,794
2023/06/29 14:13:14,8.184782609,0.25,8.065217391,7.025733094,-1.917414722,7.090365051,1,7.915661574,126.3318284,-0.7175572519,0.8396946565,-0.6717557252,-0.2113943028,0.203898051,-0.2548725637,1442.490842,13:14,794
2023/06/29 14:13:14,8.260869565,0.152173913,8.043478261,7.011370437,-1.907839617,7.095152603,1,7.895240648,126.6585839,-0.3511450382,1.099236641,-1.007633588,-0.1994002999,0.2053973013,-0.2488755622,1442.490842,13:14,794
2023/06/29 14:13:14,8.239130435,0.2173913043,8.054347826,7.040095751,-1.915020946,7.083183722,1,7.879924953,126.9047619,-0.5190839695,0.8244274809,-0.7175572519,-0.2113943028,0.2203898051,-0.2488755622,1438.827839,13:14,794
2023/06/29 14:13:14,8.239130435,0.2065217391,8.032608696,7.061639737,-1.931777379,7.085577499,1,7.864609258,127.1518987,-0.3053435115,1.389312977,-0.6259541985,-0.2098950525,0.2173913043,-0.2458770615,1441.025641,13:14,794
2023/06/29 14:13:15,8.260869565,0.2173913043,8.043478261,7.025733094,-1.915020946,7.090365051,1,7.849293564,127.4,-0.9007633588,1.007633588,-0.5648854962,-0.2128935532,0.2173913043,-0.2428785607,1441.758242,13:15,795
2023/06/29 14:13:15,8.293478261,0.1956521739,8.065217391,7.02812687,-1.929383603,7.095152603,1,7.8390831,127.5659394,-0.4122137405,1.709923664,-0.2748091603,-0.2008995502,0.2188905547,-0.251874063,1442.490842,13:15,795
2023/06/29 14:13:15,8.25,0.152173913,8.043478261,6.999401556,-1.891083184,7.099940156,1,7.823767406,127.8156607,-0.7175572519,1.694656489,-0.106870229,-0.2113943028,0.2143928036,-0.251874063,1443.223443,13:15,795
2023/06/29 14:13:15,8.25,0.1956521739,8.054347826,7.013764213,-1.941352484,7.116696589,1,7.808451711,128.0663616,0.07633587786,0.7786259542,-0.7480916031,-0.2068965517,0.2143928036,-0.2473763118,1439.56044,13:15,795
2023/06/29 14:13:15,8.22826087,0.2173913043,8.054347826,7.04727708,-1.926989826,7.076002394,1,7.798241248,128.2340426,-0.8396946565,1.251908397,-0.5038167939,-0.2008995502,0.2263868066,-0.2443778111,1437.362637,13:15,795
2023/06/29 14:13:16,8.25,0.1847826087,8.043478261,7.035308199,-1.934171155,7.083183722,1,7.782925553,128.486389,-0.5801526718,1.389312977,-0.5496183206,-0.2098950525,0.2173913043,-0.2563718141,1440.29304,13:16,796
2023/06/29 14:13:16,8.206521739,0.2608695652,8.010869565,7.042489527,-1.958108917,7.092758827,1,7.77271509,128.6551724,-0.320610687,0.1221374046,-1.007633588,-0.2083958021,0.2233883058,-0.2503748126,1442.490842,13:16,796
2023/06/29 14:13:16,8.206521739,0.2391304348,8.043478261,7.099940156,-1.979652902,7.054458408,1,7.762504627,128.8243999,-0.9923664122,1.877862595,-0.7938931298,-0.2023988006,0.2128935532,-0.2458770615,1442.490842,13:16,796
2023/06/29 14:13:16,8.293478261,0.1630434783,8.032608696,7.016157989,-1.936564931,7.114302813,1,7.747188932,129.0790774,-0.7022900763,1.34351145,-0.6564885496,-0.203898051,0.2203898051,-0.2488755622,1443.223443,13:16,796
2023/06/29 14:13:16,8.25,0.2065217391,8.02173913,7.030520646,-1.919808498,7.085577499,1,7.731873237,129.3347639,-0.7938931298,1.312977099,-0.7022900763,-0.2053973013,0.2218890555,-0.2533733133,1448.351648,13:16,796
2023/06/29 14:13:17,8.239130435,0.1847826087,8.043478261,7.044883303,-1.950927588,7.07839617,1,7.721662774,129.5057851,-0.7480916031,0.9312977099,-0.7938931298,-0.2053973013,0.2128935532,-0.2458770615,1445.421245,13:17,797
2023/06/29 14:13:17,8.260869565,0.1956521739,8.054347826,7.030520646,-1.948533812,7.092758827,1,7.706347079,129.7631666,-0.6259541985,0.8702290076,-0.6106870229,-0.1994002999,0.2188905547,-0.2458770615,1440.29304,13:17,797
2023/06/29 14:13:17,8.282608696,0.152173913,8.02173913,7.001795332,-1.912627169,7.10951526,1,7.696136616,129.9353234,-0.7480916031,1.603053435,-0.6870229008,-0.2128935532,0.2218890555,-0.251874063,1446.153846,13:17,797
2023/06/29 14:13:17,8.22826087,0.1847826087,8.032608696,7.025733094,-1.950927588,7.104727708,1,7.680820921,130.1944167,-0.5648854962,1.312977099,-0.8091603053,-0.1994002999,0.2248875562,-0.2458770615,1445.421245,13:17,797
2023/06/29 14:13:17,8.22826087,0.1956521739,8.02173913,7.037701975,-1.922202274,7.068821065,1,7.67571569,130.281011,-0.9007633588,1.404580153,-0.7938931298,-0.2113943028,0.2188905547,-0.2503748126,1448.351648,13:17,797
2023/06/29 14:13:18,8.25,0.1847826087,8.054347826,7.032914423,-1.950927588,7.095152603,1,7.660399995,130.5414862,-0.8396946565,1.328244275,-0.6870229008,-0.2068965517,0.2218890555,-0.2473763118,1441.758242,13:18,798
2023/06/29 14:13:18,8.206521739,0.2608695652,8.054347826,7.006582885,-1.907839617,7.087971275,1,7.6450843,130.803005,-0.2748091603,0.2442748092,-0.07633587786,-0.1994002999,0.2218890555,-0.2413793103,1438.095238,13:18,798
2023/06/29 14:13:18,8.239130435,0.1630434783,8.065217391,7.035308199,-1.931777379,7.076002394,1,7.634873837,130.9779338,-0.8091603053,0.7022900763,-0.6564885496,-0.2113943028,0.2233883058,-0.2488755622,1440.29304,13:18,798
2023/06/29 14:13:18,8.260869565,0.1956521739,8.032608696,7.042489527,-1.967684022,7.099940156,1,7.629768605,131.0655738,-0.4580152672,0.9465648855,-0.7786259542,-0.2113943028,0.2188905547,-0.251874063,1441.758242,13:18,798
2023/06/29 14:13:18,8.217391304,0.1956521739,8.054347826,7.044883303,-1.929383603,7.083183722,1,7.614452911,131.3291988,-0.7328244275,1.465648855,-0.7022900763,-0.2083958021,0.2173913043,-0.2488755622,1438.827839,13:18,798
2023/06/29 14:13:19,8.22826087,0.1956521739,8.054347826,7.016157989,-1.94374626,7.097546379,1,7.599137216,131.5938865,-0.7022900763,1.236641221,-0.8549618321,-0.2083958021,0.2203898051,-0.2503748126,1437.362637,13:19,799
2023/06/29 14:13:19,8.206521739,0.152173913,8.032608696,7.023339318,-1.938958707,7.095152603,1,7.588926753,131.7709384,-0.5954198473,0.7786259542,-0.7480916031,-0.2068965517,0.2218890555,-0.2503748126,1441.025641,13:19,799
2023/06/29 14:13:19,8.22826087,0.2282608696,8.032608696,7.056852184,-1.965290245,7.07839617,1,7.573611058,132.0374115,-0.427480916,1.374045802,-0.9312977099,-0.2098950525,0.2173913043,-0.2458770615,1442.490842,13:19,799
2023/06/29 14:13:19,8.260869565,0.152173913,8.065217391,7.032914423,-1.938958707,7.095152603,1,7.568505826,132.1264755,-1.06870229,1.251908397,-0.7480916031,-0.2083958021,0.2218890555,-0.2503748126,1442.490842,13:19,799
2023/06/29 14:13:19,8.22826087,0.2065217391,8.032608696,7.016157989,-1.931777379,7.099940156,1,7.553190132,132.39439,-0.3053435115,0.7633587786,-0.5954198473,-0.2068965517,0.2173913043,-0.2443778111,1443.223443,13:19,799
2023/06/29 14:13:20,8.239130435,0.1847826087,8.010869565,7.020945542,-1.936564931,7.107121484,1,7.542979668,132.5736041,-0.3358778626,0.8702290076,-0.8396946565,-0.2053973013,0.2173913043,-0.2503748126,1443.956044,13:20,800
2023/06/29 14:13:20,8.25,0.152173913,8.043478261,7.030520646,-1.936564931,7.076002394,1,7.532769205,132.753304,-1.053435115,1.770992366,-0.7938931298,-0.2053973013,0.2113943028,-0.2503748126,1443.223443,13:20,800
2023/06/29 14:13:20,8.315217391,0.1413043478,8.010869565,7.008976661,-1.89347696,7.080789946,1,7.522558742,132.9334917,-0.6717557252,1.694656489,-0.8396946565,-0.203898051,0.2188905547,-0.2368815592,1443.956044,13:20,800
2023/06/29 14:13:20,8.239130435,0.2065217391,8.010869565,7.04727708,-1.950927588,7.087971275,1,7.507243047,133.2046923,-0.320610687,0.6717557252,-0.1832061069,-0.2128935532,0.2143928036,-0.2488755622,1444.688645,13:20,800
2023/06/29 14:13:20,8.22826087,0.1956521739,8,7.056852184,-1.958108917,7.073608618,1,7.497032584,133.3861083,-0.4885496183,1.083969466,-0.427480916,-0.2113943028,0.2173913043,-0.2368815592,1449.084249,13:20,800
2023/06/29 14:13:21,8.27173913,0.1630434783,8.010869565,7.040095751,-1.941352484,7.076002394,1,7.486822121,133.5680191,-0.3969465649,0.9160305344,-0.3511450382,-0.2053973013,0.2173913043,-0.2563718141,1446.886447,13:21,801
2023/06/29 14:13:21,8.239130435,0.1956521739,8.010869565,7.052064632,-1.946140036,7.068821065,1,7.481716889,133.6591607,-0.3816793893,1.328244275,-0.7328244275,-0.2083958021,0.2233883058,-0.2413793103,1446.153846,13:21,801
2023/06/29 14:13:21,8.326086957,0.1086956522,7.989130435,7.035308199,-1.912627169,7.068821065,1,7.466401195,133.9333333,-0.7480916031,1.282442748,-0.9007633588,-0.2068965517,0.2203898051,-0.2383808096,1450.549451,13:21,801
2023/06/29 14:13:21,8.27173913,0.1847826087,7.989130435,7.011370437,-1.917414722,7.080789946,1,7.456190731,134.1167408,-1.221374046,1.20610687,-0.9312977099,-0.2098950525,0.215892054,-0.2503748126,1452.747253,13:21,801
2023/06/29 14:13:21,8.239130435,0.2065217391,8.010869565,7.073608618,-1.97486535,7.054458408,1,7.4510855,134.2086331,-0.5648854962,1.526717557,-0.8854961832,-0.2083958021,0.2113943028,-0.2503748126,1448.351648,13:21,801
2023/06/29 14:13:22,8.239130435,0.1847826087,8.032608696,7.059245961,-1.938958707,7.04727708,1,7.435769805,134.4850669,-0.9007633588,0.9770992366,-0.641221374,-0.2098950525,0.2083958021,-0.2458770615,1446.153846,13:22,802
2023/06/29 14:13:22,8.293478261,0.152173913,8.054347826,7.044883303,-1.948533812,7.061639737,1,7.425559342,134.6699897,-0.5648854962,1.984732824,-1.099236641,-0.2053973013,0.2218890555,-0.2488755622,1440.29304,13:22,802
2023/06/29 14:13:22,8.293478261,0.1630434783,7.989130435,7.044883303,-1.907839617,7.066427289,1,7.42045411,134.7626419,-0.5954198473,1.816793893,-0.9770992366,-0.2098950525,0.2098950525,-0.2458770615,1447.619048,13:22,802
2023/06/29 14:13:22,8.217391304,0.2065217391,8.065217391,7.059245961,-1.950927588,7.052064632,1,7.410243647,134.9483293,-0.8091603053,1.038167939,-0.6717557252,-0.2053973013,0.2203898051,-0.2428785607,1444.688645,13:22,802
2023/06/29 14:13:22,8.27173913,0.2065217391,8.010869565,7.071214841,-1.958108917,7.059245961,1,7.400033184,135.1345291,-0.641221374,1.404580153,-0.6259541985,-0.2023988006,0.2173913043,-0.2533733133,1445.421245,13:22,802
2023/06/29 14:13:23,8.260869565,0.1630434783,8.032608696,7.044883303,-1.955715141,7.068821065,1,7.389822721,135.3212435,-0.5648854962,1.282442748,-0.641221374,-0.2098950525,0.2068965517,-0.2488755622,1444.688645,13:23,803
2023/06/29 14:13:23,8.260869565,0.1956521739,8.032608696,7.052064632,-1.958108917,7.068821065,1,7.384717489,135.4147943,-0.641221374,1.465648855,-0.7328244275,-0.2143928036,0.2203898051,-0.2533733133,1444.688645,13:23,803
2023/06/29 14:13:23,8.293478261,0.1086956522,8.02173913,7.035308199,-1.912627169,7.076002394,1,7.374507026,135.6022845,-0.8549618321,1.251908397,-0.6106870229,-0.2113943028,0.2143928036,-0.251874063,1448.351648,13:23,803
2023/06/29 14:13:23,8.25,0.1413043478,8.02173913,7.001795332,-1.917414722,7.087971275,1,7.369401794,135.6962245,-0.6259541985,1.20610687,-0.8091603053,-0.2113943028,0.2173913043,-0.2488755622,1450.549451,13:23,803
2023/06/29 14:13:23,8.27173913,0.2065217391,8.032608696,7.066427289,-1.970077798,7.073608618,1,7.359191331,135.8844953,-0.3511450382,1.312977099,-0.8091603053,-0.2128935532,0.2128935532,-0.2488755622,1446.886447,13:23,803
2023/06/29 14:13:24,8.260869565,0.1739130435,8.032608696,7.042489527,-1.94374626,7.071214841,1,7.3540861,135.9788268,-0.8396946565,1.389312977,-0.9618320611,-0.2113943028,0.2143928036,-0.251874063,1445.421245,13:24,804
2023/06/29 14:13:24,8.282608696,0.1739130435,8.02173913,7.035308199,-1.960502693,7.07839617,1,7.343875637,136.1678832,-0.7175572519,1.541984733,-1.007633588,-0.2068965517,0.2113943028,-0.2428785607,1449.084249,13:24,804
2023/06/29 14:13:24,8.22826087,0.2065217391,8.02173913,7.035308199,-1.958108917,7.083183722,1,7.333665173,136.3574661,-0.5496183206,0.5954198473,-1.328244275,-0.2098950525,0.2113943028,-0.251874063,1450.549451,13:24,804
2023/06/29 14:13:24,8.22826087,0.2282608696,8.043478261,7.068821065,-1.962896469,7.056852184,1,7.32345471,136.5475776,-0.7938931298,1.053435115,-0.9923664122,-0.2098950525,0.2218890555,-0.2428785607,1446.153846,13:24,804
2023/06/29 14:13:24,8.25,0.1413043478,8.043478261,7.049670856,-1.948533812,7.071214841,1,7.32345471,136.5475776,-1.129770992,1.114503817,-0.9160305344,-0.2083958021,0.2203898051,-0.2458770615,1444.688645,13:24,804
2023/06/29 14:13:25,8.282608696,0.1956521739,8.043478261,7.040095751,-1.946140036,7.073608618,1,7.308139015,136.8337408,-0.7786259542,1.190839695,-0.7938931298,-0.1994002999,0.2233883058,-0.2428785607,1444.688645,13:25,805
2023/06/29 14:13:25,8.260869565,0.1847826087,8.054347826,7.04727708,-1.958108917,7.080789946,1,7.303033784,136.9293953,-0.6717557252,1.007633588,-0.9618320611,-0.203898051,0.2188905547,-0.2473763118,1440.29304,13:25,805
2023/06/29 14:13:25,8.217391304,0.1847826087,8.032608696,7.037701975,-1.938958707,7.073608618,1,7.292823321,137.1211061,-0.7480916031,1.129770992,-0.7480916031,-0.2008995502,0.215892054,-0.2458770615,1442.490842,13:25,805
2023/06/29 14:13:25,8.304347826,0.1195652174,8.010869565,7.018551765,-1.905445841,7.064033513,1,7.287718089,137.2171629,-0.8091603053,0.9312977099,-0.8396946565,-0.2188905547,0.2233883058,-0.2488755622,1443.956044,13:25,805
2023/06/29 14:13:25,8.293478261,0.1847826087,8.02173913,7.042489527,-1.962896469,7.087971275,1,7.277507626,137.4096808,-0.5190839695,0.6870229008,-0.534351145,-0.2128935532,0.2188905547,-0.2458770615,1447.619048,13:25,805
2023/06/29 14:13:26,8.239130435,0.2065217391,8.010869565,7.068821065,-1.970077798,7.068821065,1,7.277507626,137.4096808,-0.3969465649,1.129770992,-0.7633587786,-0.2053973013,0.2128935532,-0.2533733133,1446.153846,13:26,806
2023/06/29 14:13:26,8.25,0.1847826087,8.032608696,7.040095751,-1.94374626,7.061639737,1,7.267297163,137.6027397,-1.007633588,1.267175573,-0.9618320611,-0.2128935532,0.2098950525,-0.2488755622,1444.688645,13:26,806
2023/06/29 14:13:26,8.27173913,0.1739130435,7.989130435,7.042489527,-1.955715141,7.073608618,1,7.262191931,137.6994728,-0.5038167939,1.541984733,-0.7175572519,-0.2098950525,0.227886057,-0.2428785607,1449.81685,13:26,806
2023/06/29 14:13:26,8.22826087,0.2282608696,8,7.030520646,-1.917414722,7.052064632,1,7.251981468,137.8933474,-0.7175572519,1.190839695,-0.3358778626,-0.2053973013,0.2233883058,-0.2473763118,1452.014652,13:26,806
2023/06/29 14:13:26,8.282608696,0.152173913,8,7.049670856,-1.934171155,7.054458408,1,7.246876236,137.9904896,-0.8702290076,1.221374046,-0.6106870229,-0.2128935532,0.2218890555,-0.2353823088,1452.747253,13:26,806
2023/06/29 14:13:27,8.282608696,0.152173913,7.967391304,7.076002394,-1.982046679,7.049670856,1,7.241771005,138.0877688,-0.2442748092,0.9465648855,-1.06870229,-0.2083958021,0.2173913043,-0.2458770615,1453.479853,13:27,807
2023/06/29 14:13:27,8.25,0.1847826087,7.989130435,7.061639737,-1.948533812,7.044883303,1,7.231560542,138.2827391,-1.007633588,1.175572519,-0.3969465649,-0.2083958021,0.2203898051,-0.2443778111,1454.212454,13:27,807
2023/06/29 14:13:27,8.293478261,0.1739130435,8.02173913,7.054458408,-1.960502693,7.064033513,1,7.22645531,138.3804309,-1.06870229,1.572519084,-0.5801526718,-0.2008995502,0.2188905547,-0.2458770615,1452.747253,13:27,807
2023/06/29 14:13:27,8.336956522,0.1086956522,7.945652174,7.016157989,-1.898264512,7.071214841,1,7.221350078,138.4782609,-1.175572519,1.694656489,-0.8091603053,-0.2068965517,0.2203898051,-0.2548725637,1458.608059,13:27,807
2023/06/29 14:13:27,8.25,0.1956521739,8.010869565,7.068821065,-1.967684022,7.066427289,1,7.211139615,138.6743363,-0.9618320611,1.419847328,-0.3816793893,-0.2068965517,0.2218890555,-0.2488755622,1451.282051,13:27,807
2023/06/29 14:13:28,8.260869565,0.1847826087,8,7.071214841,-1.977259126,7.059245961,1,7.200929152,138.8709677,-0.3664122137,1.404580153,-0.7022900763,-0.2083958021,0.215892054,-0.2353823088,1452.747253,13:28,808
2023/06/29 14:13:28,8.22826087,0.1739130435,8,7.061639737,-1.948533812,7.056852184,1,7.195823921,138.9694927,-1.175572519,1.328244275,-0.5190839695,-0.203898051,0.2128935532,-0.2473763118,1452.747253,13:28,808
2023/06/29 14:13:28,8.217391304,0.2065217391,7.989130435,7.049670856,-1.97486535,7.073608618,1,7.190718689,139.0681576,-0.7328244275,1.083969466,-0.7786259542,-0.2143928036,0.2233883058,-0.2443778111,1453.479853,13:28,808
2023/06/29 14:13:28,8.326086957,0.1195652174,7.97826087,7.061639737,-1.936564931,7.059245961,1,7.185613457,139.1669627,-0.8702290076,1.496183206,-0.8244274809,-0.2098950525,0.2233883058,-0.2488755622,1457.875458,13:28,808
2023/06/29 14:13:28,8.25,0.1956521739,8,7.02812687,-1.931777379,7.073608618,1,7.175402994,139.3649947,-0.9618320611,1.282442748,-0.7786259542,-0.2098950525,0.2113943028,-0.2428785607,1456.410256,13:28,808
2023/06/29 14:13:29,8.239130435,0.2065217391,8.02173913,7.061639737,-1.962896469,7.061639737,1,7.170297763,139.4642221,-0.8396946565,1.389312977,-0.7938931298,-0.1994002999,0.2188905547,-0.2458770615,1454.945055,13:29,809
2023/06/29 14:13:29,8.260869565,0.1739130435,8.02173913,7.049670856,-1.938958707,7.054458408,1,7.165192531,139.563591,-0.6870229008,1.267175573,-0.6564885496,-0.2128935532,0.215892054,-0.2533733133,1453.479853,13:29,809
2023/06/29 14:13:29,8.25,0.1739130435,8.010869565,7.056852184,-1.967684022,7.073608618,1,7.154982068,139.7627542,-0.6259541985,1.267175573,-0.9465648855,-0.2083958021,0.2173913043,-0.2443778111,1449.81685,13:29,809
2023/06/29 14:13:29,8.195652174,0.2173913043,8,7.073608618,-1.982046679,7.073608618,1,7.144771605,139.9624866,-0.3511450382,0.7480916031,-0.5954198473,-0.2053973013,0.2188905547,-0.2458770615,1451.282051,13:29,809
2023/06/29 14:13:29,8.27173913,0.1739130435,8.043478261,7.013764213,-1.922202274,7.073608618,1,7.12945591,140.2631579,-0.7633587786,0.9312977099,-0.5038167939,-0.2008995502,0.2143928036,-0.251874063,1447.619048,13:29,809
2023/06/29 14:13:30,8.260869565,0.1304347826,8,7.037701975,-1.962896469,7.073608618,1,7.12945591,140.2631579,-0.3816793893,0.8091603053,-1.007633588,-0.203898051,0.2218890555,-0.2488755622,1450.549451,13:30,810
2023/06/29 14:13:30,8.239130435,0.1630434783,8.02173913,7.059245961,-1.962896469,7.054458408,1,7.119245447,140.4643241,-0.7480916031,1.312977099,-0.5801526718,-0.2098950525,0.2188905547,-0.2458770615,1450.549451,13:30,810
2023/06/29 14:13:30,8.260869565,0.1630434783,7.989130435,7.059245961,-1.967684022,7.066427289,1,7.114140215,140.5651238,-0.6259541985,1.160305344,-0.6564885496,-0.2113943028,0.2203898051,-0.251874063,1452.747253,13:30,810
2023/06/29 14:13:30,8.239130435,0.152173913,8,7.052064632,-1.979652902,7.083183722,1,7.109034984,140.6660682,-0.4732824427,0.9312977099,-0.7328244275,-0.2113943028,0.2173913043,-0.2413793103,1453.479853,13:30,810
2023/06/29 14:13:30,8.25,0.2282608696,8,7.097546379,-2.001196888,7.044883303,1,7.09882452,140.8683927,-0.5038167939,1.374045802,-0.7022900763,-0.2098950525,0.2263868066,-0.2473763118,1453.479853,13:30,810
2023/06/29 14:13:31,8.27173913,0.1304347826,8,7.052064632,-1.950927588,7.054458408,1,7.088614057,141.0713,-0.7938931298,1.20610687,-0.8396946565,-0.2023988006,0.215892054,-0.2443778111,1453.479853,13:31,811
2023/06/29 14:13:31,8.27173913,0.1847826087,8.010869565,7.052064632,-1.94374626,7.040095751,1,7.083508826,141.172973,-0.7480916031,1.114503817,-0.534351145,-0.2098950525,0.2248875562,-0.2458770615,1449.81685,13:31,811
2023/06/29 14:13:31,8.260869565,0.1630434783,8,7.087971275,-1.965290245,7.020945542,1,7.073298362,141.3767593,-0.6870229008,1.129770992,-1.007633588,-0.2173913043,0.2218890555,-0.2473763118,1451.282051,13:31,811
2023/06/29 14:13:31,8.239130435,0.1739130435,8,7.066427289,-1.967684022,7.040095751,1,7.068193131,141.4788732,-0.7328244275,0.3358778626,-0.5801526718,-0.2113943028,0.2173913043,-0.2428785607,1452.747253,13:31,811
2023/06/29 14:13:31,8.25,0.2391304348,8.010869565,7.080789946,-1.965290245,7.020945542,1,7.057982668,141.6835443,-0.8396946565,1.282442748,-0.9770992366,-0.2128935532,0.2203898051,-0.2488755622,1448.351648,13:31,811
2023/06/29 14:13:32,8.304347826,0.1413043478,8,7.061639737,-1.950927588,7.037701975,1,7.047772205,141.8888084,-0.7633587786,1.083969466,-0.8549618321,-0.215892054,0.2218890555,-0.2473763118,1451.282051,13:32,812
2023/06/29 14:13:32,8.27173913,0.1847826087,7.989130435,7.076002394,-1.948533812,7.025733094,1,7.042666973,141.9916636,-0.6564885496,1.099236641,-0.8091603053,-0.2143928036,0.2173913043,-0.2473763118,1452.747253,13:32,812
2023/06/29 14:13:32,8.27173913,0.1739130435,8.010869565,7.090365051,-1.967684022,7.032914423,1,7.037561741,142.0946681,-0.6106870229,0.6717557252,-0.8396946565,-0.215892054,0.2143928036,-0.2458770615,1448.351648,13:32,812
2023/06/29 14:13:32,8.25,0.1630434783,8.010869565,7.02812687,-1.903052065,7.04727708,1,7.027351278,142.301126,-0.5038167939,1.389312977,-0.7022900763,-0.2083958021,0.2203898051,-0.2458770615,1447.619048,13:32,812
2023/06/29 14:13:32,8.27173913,0.152173913,7.967391304,7.049670856,-1.929383603,7.04727708,1,7.022246047,142.4045802,-0.9007633588,1.740458015,-0.6106870229,-0.215892054,0.2173913043,-0.2488755622,1451.282051,13:32,812
2023/06/29 14:13:33,8.260869565,0.1739130435,7.989130435,7.092758827,-1.979652902,7.030520646,1,7.012035583,142.6119403,-0.3969465649,1.633587786,-0.9618320611,-0.2023988006,0.2203898051,-0.2488755622,1452.747253,13:33,813
2023/06/29 14:13:33,8.27173913,0.1739130435,7.989130435,7.071214841,-1.948533812,7.02812687,1,7.006930352,142.715847,-1.022900763,1.145038168,-0.6259541985,-0.2053973013,0.2173913043,-0.2428785607,1454.212454,13:33,813
2023/06/29 14:13:33,8.260869565,0.1413043478,8.032608696,7.07839617,-1.99401556,7.059245961,1,6.996719889,142.9241153,-0.6259541985,1.083969466,-1.435114504,-0.2143928036,0.227886057,-0.2533733133,1449.084249,13:33,813
2023/06/29 14:13:33,8.22826087,0.2282608696,7.97826087,7.126271694,-2.003590664,7.025733094,1,6.986509426,143.1329923,-0.9923664122,1.175572519,-0.8549618321,-0.2173913043,0.227886057,-0.2488755622,1455.677656,13:33,813
2023/06/29 14:13:33,8.239130435,0.1195652174,8,7.052064632,-1.950927588,7.064033513,1,6.981404194,143.23766,-0.9923664122,1.419847328,-0.8244274809,-0.2053973013,0.2173913043,-0.2563718141,1454.945055,13:33,813
2023/06/29 14:13:34,8.25,0.1739130435,7.97826087,7.064033513,-1.960502693,7.044883303,1,6.976298962,143.3424808,-0.6106870229,1.267175573,-0.9007633588,-0.2083958021,0.2263868066,-0.2428785607,1458.608059,13:34,814
2023/06/29 14:13:34,8.25,0.1739130435,8.02173913,7.071214841,-1.970077798,7.049670856,1,6.966088499,143.5525834,-0.9312977099,1.145038168,-1.007633588,-0.2068965517,0.2233883058,-0.2503748126,1454.945055,13:34,814
2023/06/29 14:13:34,8.217391304,0.2282608696,7.97826087,7.071214841,-1.97486535,7.04727708,1,6.960983268,143.6578658,-0.7175572519,0.9007633588,-1.114503817,-0.2128935532,0.2173913043,-0.2458770615,1458.608059,13:34,814
2023/06/29 14:13:34,8.217391304,0.1956521739,8.010869565,7.049670856,-1.938958707,7.042489527,1,6.955878036,143.7633028,-0.6870229008,1.694656489,-0.7022900763,-0.2068965517,0.2203898051,-0.2458770615,1452.747253,13:34,814
2023/06/29 14:13:34,8.25,0.1304347826,8.010869565,7.054458408,-1.950927588,7.049670856,1,6.950772804,143.8688946,-0.6717557252,0.8702290076,-0.5190839695,-0.2083958021,0.2233883058,-0.2428785607,1449.084249,13:34,814
2023/06/29 14:13:35,8.260869565,0.1739130435,8,7.071214841,-1.962896469,7.049670856,1,6.940562341,144.0805443,-0.6717557252,1.053435115,-0.9923664122,-0.2188905547,0.2173913043,-0.2443778111,1451.282051,13:35,815
2023/06/29 14:13:35,8.239130435,0.152173913,8.010869565,7.071214841,-1.977259126,7.052064632,1,6.930351878,144.2928177,-0.641221374,1.34351145,-0.8702290076,-0.1994002999,0.2248875562,-0.2503748126,1448.351648,13:35,815
2023/06/29 14:13:35,8.25,0.152173913,7.989130435,7.064033513,-1.989228007,7.064033513,1,6.925246647,144.3991891,-0.5496183206,0.4885496183,-0.9770992366,-0.2098950525,0.2263868066,-0.2488755622,1452.014652,13:35,815
2023/06/29 14:13:35,8.25,0.2173913043,8,7.10951526,-2.003590664,7.042489527,1,6.920141415,144.5057174,-1.038167939,1.572519084,-0.7938931298,-0.2098950525,0.2248875562,-0.2428785607,1452.747253,13:35,815
2023/06/29 14:13:35,8.304347826,0.1195652174,8.010869565,7.056852184,-1.962896469,7.049670856,1,6.909930952,144.7192464,-1.022900763,1.526717557,-1.083969466,-0.2143928036,0.2188905547,-0.251874063,1449.084249,13:35,815
2023/06/29 14:13:36,8.304347826,0.1847826087,8,7.049670856,-1.950927588,7.049670856,1,6.90482572,144.8262477,-0.8702290076,1.160305344,-0.7938931298,-0.1994002999,0.2293853073,-0.2443778111,1451.282051,13:36,816
2023/06/29 14:13:36,8.27173913,0.152173913,8.010869565,7.076002394,-1.977259126,7.044883303,1,6.894615257,145.0407257,-0.4885496183,1.038167939,-0.7480916031,-0.2128935532,0.2248875562,-0.2503748126,1448.351648,13:36,816
2023/06/29 14:13:36,8.25,0.1413043478,8.02173913,7.061639737,-1.950927588,7.04727708,1,6.889510025,145.148203,-0.5954198473,0.9770992366,-1.06870229,-0.2113943028,0.227886057,-0.2458770615,1449.81685,13:36,816
2023/06/29 14:13:36,8.304347826,0.1413043478,7.989130435,7.119090365,-2.008378217,7.020945542,1,6.879299562,145.3636364,-0.4122137405,1.328244275,-1.099236641,-0.2113943028,0.2308845577,-0.2458770615,1452.014652,13:36,816
2023/06/29 14:13:36,8.25,0.1739130435,8.010869565,7.068821065,-1.965290245,7.04727708,1,6.874194331,145.471593,-0.7786259542,1.221374046,-0.3053435115,-0.2188905547,0.2188905547,-0.23988006,1449.084249,13:36,816
2023/06/29 14:13:37,8.304347826,0.2065217391,7.967391304,7.056852184,-1.946140036,7.035308199,1,6.863983867,145.6879881,-0.4732824427,1.374045802,-0.3816793893,-0.215892054,0.2203898051,-0.2503748126,1452.014652,13:37,817
2023/06/29 14:13:37,8.282608696,0.1739130435,7.989130435,7.061639737,-1.955715141,7.049670856,1,6.853773404,145.9050279,-0.5801526718,1.236641221,-0.6564885496,-0.215892054,0.2188905547,-0.2428785607,1453.479853,13:37,817
2023/06/29 14:13:37,8.293478261,0.1413043478,8.02173913,7.080789946,-1.972471574,7.037701975,1,6.848668173,146.0137905,-0.5648854962,0.5954198473,-1.236641221,-0.203898051,0.2323838081,-0.2428785607,1452.014652,13:37,817
2023/06/29 14:13:37,8.239130435,0.1739130435,7.97826087,7.10951526,-1.991621783,7.025733094,1,6.843562941,146.1227154,-0.4427480916,1.694656489,-1.038167939,-0.2128935532,0.2188905547,-0.2503748126,1457.142857,13:37,817
2023/06/29 14:13:37,8.27173913,0.152173913,8.02173913,7.059245961,-1.936564931,7.040095751,1,6.828247246,146.4504673,-0.7633587786,0.8854961832,-0.7786259542,-0.203898051,0.2188905547,-0.2413793103,1454.212454,13:37,817
2023/06/29 14:13:38,8.282608696,0.1739130435,7.956521739,7.068821065,-1.948533812,7.035308199,1,6.818036783,146.6697866,-0.1679389313,1.06870229,-0.7938931298,-0.2083958021,0.215892054,-0.2473763118,1459.340659,13:38,818
2023/06/29 14:13:38,8.27173913,0.1630434783,7.97826087,7.083183722,-1.972471574,7.037701975,1,6.812931552,146.7796928,-0.7328244275,1.145038168,-1.053435115,-0.2113943028,0.2248875562,-0.2473763118,1460.07326,13:38,818
2023/06/29 14:13:38,8.260869565,0.1847826087,8.032608696,7.056852184,-1.955715141,7.04727708,1,6.802721088,147,-0.6106870229,1.175572519,-0.2595419847,-0.215892054,0.2203898051,-0.2488755622,1452.747253,13:38,818
2023/06/29 14:13:38,8.282608696,0.1304347826,7.97826087,7.059245961,-1.955715141,7.061639737,1,6.802721088,147,-0.8702290076,1.770992366,-0.4122137405,-0.2113943028,0.227886057,-0.2413793103,1457.142857,13:38,818
2023/06/29 14:13:38,8.260869565,0.1630434783,8,7.068821065,-1.982046679,7.052064632,1,6.792510625,147.2209696,-0.3511450382,1.053435115,-0.9312977099,-0.2113943028,0.2293853073,-0.2503748126,1455.677656,13:38,818
2023/06/29 14:13:39,8.293478261,0.1956521739,8,7.068821065,-1.948533812,7.037701975,1,6.782300162,147.4426044,-1.038167939,1.633587786,-0.5801526718,-0.2113943028,0.2263868066,-0.2458770615,1454.945055,13:39,819
2023/06/29 14:13:39,8.282608696,0.1304347826,7.989130435,7.056852184,-1.970077798,7.052064632,1,6.777194931,147.5536723,-0.7328244275,1.114503817,-1.190839695,-0.2053973013,0.2113943028,-0.2443778111,1454.945055,13:39,819
2023/06/29 14:13:39,8.260869565,0.1847826087,7.97826087,7.135846798,-2.010771993,7.004189108,1,6.766984467,147.7763108,-0.7328244275,1.038167939,-1.007633588,-0.2068965517,0.215892054,-0.2473763118,1458.608059,13:39,819
2023/06/29 14:13:39,8.260869565,0.152173913,8.032608696,7.083183722,-1.97486535,7.037701975,1,6.756774004,147.9996222,-1.022900763,1.694656489,-0.7480916031,-0.2068965517,0.2128935532,-0.251874063,1451.282051,13:39,819
2023/06/29 14:13:39,8.282608696,0.1847826087,8,7.076002394,-1.953321364,7.030520646,1,6.751668773,148.1115312,-0.7022900763,1.129770992,-0.9007633588,-0.2098950525,0.2128935532,-0.2428785607,1452.014652,13:39,819
2023/06/29 14:13:40,8.239130435,0.152173913,7.97826087,7.07839617,-1.960502693,7.04727708,1,6.746563541,148.2236095,-0.8549618321,1.038167939,-0.5648854962,-0.203898051,0.227886057,-0.2458770615,1457.875458,13:40,820
2023/06/29 14:13:40,8.27173913,0.1304347826,8.032608696,7.04727708,-1.97486535,7.064033513,1,6.731247846,148.5608646,-0.4732824427,0.5496183206,-1.160305344,-0.215892054,0.2173913043,-0.2503748126,1450.549451,13:40,820
2023/06/29 14:13:40,8.260869565,0.1956521739,8,7.087971275,-1.979652902,7.035308199,1,6.721037383,148.7865553,-0.8702290076,1.801526718,-1.114503817,-0.2113943028,0.2128935532,-0.2413793103,1452.014652,13:40,820
2023/06/29 14:13:40,8.25,0.1739130435,8.032608696,7.035308199,-1.960502693,7.059245961,1,6.715932151,148.8996579,-0.6870229008,0.8549618321,-0.641221374,-0.2143928036,0.2143928036,-0.2488755622,1448.351648,13:40,820
2023/06/29 14:13:40,8.293478261,0.1739130435,8,7.056852184,-1.948533812,7.044883303,1,6.705721688,149.1263799,-0.7786259542,1.419847328,-0.7786259542,-0.2128935532,0.215892054,-0.2458770615,1451.282051,13:40,820
2023/06/29 14:13:41,8.25,0.152173913,8,7.049670856,-1.958108917,7.049670856,1,6.700616457,149.24,-0.8244274809,1.053435115,-0.9160305344,-0.2098950525,0.2248875562,-0.2548725637,1452.747253,13:41,821
2023/06/29 14:13:41,8.239130435,0.1847826087,7.989130435,7.064033513,-1.965290245,7.04727708,1,6.685300762,149.5819015,-0.5496183206,1.404580153,-0.7786259542,-0.2083958021,0.2113943028,-0.2458770615,1453.479853,13:41,821
2023/06/29 14:13:41,8.326086957,0.1086956522,8,7.052064632,-1.94374626,7.049670856,1,6.68019553,149.696217,-0.6870229008,1.816793893,-0.7328244275,-0.203898051,0.215892054,-0.2533733133,1453.479853,13:41,821
2023/06/29 14:13:41,8.282608696,0.1847826087,8,7.02812687,-1.955715141,7.066427289,1,6.669985067,149.9253731,-0.9923664122,0.7633587786,-0.7022900763,-0.2143928036,0.2173913043,-0.2488755622,1453.479853,13:41,821
2023/06/29 14:13:41,8.25,0.1847826087,7.989130435,7.073608618,-1.991621783,7.059245961,1,6.659774604,150.1552319,-0.3664122137,0.9465648855,-0.6106870229,-0.2098950525,0.2098950525,-0.2503748126,1453.479853,13:41,821
2023/06/29 14:13:42,8.282608696,0.1413043478,8.010869565,7.042489527,-1.958108917,7.052064632,1,6.649564141,150.3857965,-0.7175572519,0.7786259542,-0.6106870229,-0.2143928036,0.2248875562,-0.2413793103,1449.81685,13:42,822
2023/06/29 14:13:42,8.282608696,0.1630434783,8,7.054458408,-1.972471574,7.054458408,1,6.639353678,150.6170704,-0.7328244275,0.9923664122,-0.7633587786,-0.2053973013,0.2143928036,-0.2368815592,1450.549451,13:42,822
2023/06/29 14:13:42,8.217391304,0.2282608696,7.989130435,7.064033513,-1.986834231,7.059245961,1,6.634248446,150.7329742,-0.6259541985,1.267175573,-0.3358778626,-0.2068965517,0.2098950525,-0.2473763118,1452.747253,13:42,822
2023/06/29 14:13:42,8.260869565,0.1413043478,8,7.107121484,-2.010771993,7.025733094,1,6.618932751,151.0817586,-0.9770992366,1.709923664,-0.7175572519,-0.2128935532,0.215892054,-0.2473763118,1453.479853,13:42,822
2023/06/29 14:13:42,8.260869565,0.1630434783,8.02173913,7.071214841,-1.97486535,7.054458408,1,6.61382752,151.198379,0.06106870229,0.5038167939,-0.6717557252,-0.2128935532,0.2218890555,-0.2473763118,1452.747253,13:42,822
2023/06/29 14:13:43,8.239130435,0.1739130435,7.989130435,7.085577499,-1.960502693,7.023339318,1,6.598511825,151.549323,-0.4732824427,1.20610687,-0.6870229008,-0.2083958021,0.2173913043,-0.2473763118,1453.479853,13:43,823
2023/06/29 14:13:43,8.239130435,0.1739130435,8.010869565,7.07839617,-1.97486535,7.042489527,1,6.593406593,151.6666667,-0.4427480916,1.236641221,-0.8702290076,-0.2143928036,0.215892054,-0.2458770615,1449.084249,13:43,823
2023/06/29 14:13:43,8.239130435,0.152173913,8.032608696,7.07839617,-1.982046679,7.044883303,1,6.58319613,151.9019,-0.2900763359,1.297709924,-0.4732824427,-0.2083958021,0.215892054,-0.2458770615,1446.886447,13:43,823
2023/06/29 14:13:43,8.293478261,0.1413043478,7.989130435,7.023339318,-1.931777379,7.066427289,1,6.572985667,152.1378641,-0.4885496183,1.312977099,-0.7328244275,-0.2128935532,0.2143928036,-0.2443778111,1450.549451,13:43,823
2023/06/29 14:13:43,8.293478261,0.1630434783,8.02173913,7.054458408,-1.967684022,7.061639737,1,6.557669972,152.493188,-0.1374045802,1.450381679,-0.8091603053,-0.2098950525,0.2248875562,-0.2488755622,1451.282051,13:43,823
2023/06/29 14:13:44,8.27173913,0.1630434783,8,7.066427289,-1.946140036,7.030520646,1,6.552564741,152.6119984,-0.9312977099,1.450381679,-0.6106870229,-0.2053973013,0.2233883058,-0.2503748126,1452.014652,13:44,824
2023/06/29 14:13:44,8.25,0.1304347826,8.032608696,7.073608618,-1.97486535,7.04727708,1,6.542354278,152.8501756,-0.4885496183,1.083969466,-1.160305344,-0.2113943028,0.2218890555,-0.2473763118,1447.619048,13:44,824
2023/06/29 14:13:44,8.27173913,0.1956521739,8.010869565,7.116696589,-2.003590664,7.025733094,1,6.537249046,152.9695431,-0.9923664122,1.358778626,-0.7328244275,-0.2083958021,0.2203898051,-0.2413793103,1446.886447,13:44,824
2023/06/29 14:13:44,8.239130435,0.1739130435,8.043478261,7.068821065,-1.989228007,7.052064632,1,6.527038583,153.2088385,-0.9770992366,1.160305344,-1.190839695,-0.2083958021,0.2173913043,-0.2413793103,1444.688645,13:44,824
2023/06/29 14:13:44,8.27173913,0.1956521739,8.010869565,7.071214841,-1.953321364,7.035308199,1,6.521933351,153.3287671,-0.6870229008,1.312977099,-0.7175572519,-0.2083958021,0.2233883058,-0.251874063,1445.421245,13:44,824
2023/06/29 14:13:45,8.282608696,0.1630434783,8.02173913,7.064033513,-1.955715141,7.037701975,1,6.506617656,153.6896822,-0.7786259542,1.34351145,-0.7175572519,-0.2098950525,0.2113943028,-0.2428785607,1448.351648,13:45,825
2023/06/29 14:13:45,8.25,0.1847826087,7.989130435,7.068821065,-1.977259126,7.052064632,1,6.501512425,153.8103651,-0.4732824427,0.5038167939,-1.007633588,-0.1979010495,0.2143928036,-0.2443778111,1451.282051,13:45,825
2023/06/29 14:13:45,8.239130435,0.2282608696,8.010869565,7.10951526,-1.982046679,7.030520646,1,6.491301962,154.0523004,-0.9770992366,1.541984733,-0.7786259542,-0.203898051,0.2188905547,-0.2503748126,1448.351648,13:45,825
2023/06/29 14:13:45,8.282608696,0.1195652174,8.010869565,7.049670856,-1.950927588,7.049670856,1,6.48619673,154.1735537,-0.7938931298,0.7175572519,-0.8702290076,-0.203898051,0.2188905547,-0.2368815592,1446.886447,13:45,825
2023/06/29 14:13:45,8.260869565,0.1739130435,7.97826087,7.064033513,-1.953321364,7.037701975,1,6.481091499,154.294998,-0.4732824427,1.099236641,-0.7328244275,-0.2143928036,0.2083958021,-0.2488755622,1454.945055,13:45,825
2023/06/29 14:13:46,8.25,0.152173913,8.010869565,7.073608618,-1.970077798,7.042489527,1,6.465775804,154.6604816,-0.641221374,1.145038168,-1.053435115,-0.2113943028,0.2068965517,-0.2533733133,1449.81685,13:46,826
2023/06/29 14:13:46,8.27173913,0.25,8,7.064033513,-1.965290245,7.040095751,1,6.455565341,154.9051008,-0.3816793893,0.7175572519,-0.9770992366,-0.2128935532,0.227886057,-0.2428785607,1451.282051,13:46,826
2023/06/29 14:13:46,8.206521739,0.1956521739,8,7.097546379,-1.99401556,7.023339318,1,6.445354877,155.150495,-0.9465648855,1.480916031,-0.8854961832,-0.2023988006,0.2128935532,-0.2458770615,1452.014652,13:46,826
2023/06/29 14:13:46,8.282608696,0.1413043478,8.010869565,7.059245961,-1.960502693,7.040095751,1,6.440249646,155.2734839,-0.3664122137,1.190839695,-0.9770992366,-0.2098950525,0.2143928036,-0.2458770615,1449.084249,13:46,826
2023/06/29 14:13:46,8.282608696,0.1847826087,8.02173913,7.071214841,-1.960502693,7.032914423,1,6.430039183,155.5200476,-0.9923664122,1.160305344,-0.7938931298,-0.2023988006,0.2218890555,-0.2428785607,1450.549451,13:46,826
2023/06/29 14:13:47,8.260869565,0.1304347826,8.02173913,7.071214841,-1.977259126,7.049670856,1,6.424933951,155.6436234,-0.7175572519,1.20610687,-0.7328244275,-0.2128935532,0.2113943028,-0.2443778111,1451.282051,13:47,827
2023/06/29 14:13:47,8.282608696,0.1304347826,8.02173913,7.064033513,-1.967684022,7.032914423,1,6.414723488,155.8913649,-0.9007633588,0.9923664122,-0.8702290076,-0.2113943028,0.2128935532,-0.251874063,1452.014652,13:47,827
2023/06/29 14:13:47,8.239130435,0.1956521739,7.989130435,7.059245961,-1.960502693,7.030520646,1,6.399407793,156.2644595,-0.7328244275,0.9312977099,-0.8549618321,-0.2083958021,0.2173913043,-0.2473763118,1453.479853,13:47,827
2023/06/29 14:13:47,8.27173913,0.1413043478,8,7.080789946,-1.953321364,7.032914423,1,6.38919733,156.514183,-0.8549618321,0.9312977099,-0.7022900763,-0.1979010495,0.2128935532,-0.2458770615,1453.479853,13:47,827
2023/06/29 14:13:47,8.315217391,0.1630434783,8.010869565,7.071214841,-1.967684022,7.035308199,1,6.378986867,156.7647059,-0.4885496183,0.7938931298,-0.7938931298,-0.2053973013,0.2323838081,-0.2428785607,1449.084249,13:47,827
2023/06/29 14:13:48,8.27173913,0.1739130435,7.97826087,7.099940156,-1.965290245,7.025733094,1,6.373881635,156.8902683,-0.641221374,1.297709924,-0.7175572519,-0.2068965517,0.2113943028,-0.2458770615,1455.677656,13:48,828
2023/06/29 14:13:48,8.282608696,0.1739130435,7.97826087,7.07839617,-1.962896469,7.020945542,1,6.363671172,157.1419976,-0.3664122137,0.8091603053,-1.022900763,-0.2023988006,0.2233883058,-0.2473763118,1458.608059,13:48,828
2023/06/29 14:13:48,8.260869565,0.2173913043,8,7.131059246,-2.001196888,7.004189108,1,6.348355477,157.5211098,-1.053435115,0.9618320611,-0.9312977099,-0.2128935532,0.2173913043,-0.2488755622,1455.677656,13:48,828
2023/06/29 14:13:48,8.304347826,0.1195652174,7.97826087,7.095152603,-1.967684022,7.018551765,1,6.338145014,157.7748691,-0.9770992366,0.8091603053,-1.099236641,-0.215892054,0.215892054,-0.2488755622,1459.340659,13:48,828
2023/06/29 14:13:48,8.282608696,0.1847826087,7.967391304,7.095152603,-1.946140036,7.008976661,1,6.327934551,158.0294474,-0.427480916,0.9312977099,-0.7022900763,-0.2053973013,0.2188905547,-0.2443778111,1457.142857,13:48,828
2023/06/29 14:13:49,8.282608696,0.1630434783,7.989130435,7.092758827,-1.960502693,7.018551765,1,6.322829319,158.1570448,-0.641221374,1.114503817,-0.6717557252,-0.2098950525,0.2143928036,-0.2473763118,1455.677656,13:49,829
2023/06/29 14:13:49,8.304347826,0.1413043478,8.010869565,7.054458408,-1.912627169,7.023339318,1,6.312618856,158.4128589,-0.3664122137,1.374045802,-0.5954198473,-0.203898051,0.2188905547,-0.227886057,1450.549451,13:49,829
2023/06/29 14:13:49,8.336956522,0.1304347826,7.967391304,7.076002394,-1.931777379,7.018551765,1,6.302408393,158.6695018,-0.534351145,1.282442748,-0.6259541985,-0.2023988006,0.215892054,-0.2443778111,1452.747253,13:49,829
2023/06/29 14:13:49,8.27173913,0.1739130435,7.956521739,7.102333932,-1.99401556,7.025733094,1,6.29219793,158.9269777,-0.3053435115,1.129770992,-0.9007633588,-0.2113943028,0.2143928036,-0.2428785607,1457.875458,13:49,829
2023/06/29 14:13:49,8.304347826,0.1630434783,7.967391304,7.090365051,-1.958108917,7.018551765,1,6.281987467,159.1852905,-1.145038168,1.374045802,-0.6259541985,-0.2083958021,0.2188905547,-0.2503748126,1456.410256,13:49,829
2023/06/29 14:13:50,8.347826087,0.1195652174,7.989130435,7.068821065,-1.967684022,7.037701975,1,6.271777003,159.4444444,-0.7786259542,1.694656489,-1.099236641,-0.2083958021,0.2218890555,-0.2353823088,1455.677656,13:50,830
2023/06/29 14:13:50,8.326086957,0.1413043478,7.967391304,7.040095751,-1.905445841,7.037701975,1,6.26156654,159.7044435,-0.6870229008,1.816793893,-0.7786259542,-0.2098950525,0.2188905547,-0.2458770615,1454.945055,13:50,830
2023/06/29 14:13:50,8.27173913,0.1847826087,8.032608696,7.104727708,-1.984440455,7.020945542,1,6.251356077,159.965292,-1.145038168,1.175572519,-0.7175572519,-0.2008995502,0.2233883058,-0.2488755622,1449.81685,13:50,830
2023/06/29 14:13:50,8.293478261,0.1739130435,7.97826087,7.097546379,-1.979652902,7.018551765,1,6.241145614,160.2269939,-0.5648854962,1.34351145,-0.7480916031,-0.2083958021,0.215892054,-0.2428785607,1455.677656,13:50,830
2023/06/29 14:13:50,8.260869565,0.152173913,7.989130435,7.085577499,-1.970077798,7.02812687,1,6.230935151,160.4895535,-0.8091603053,1.190839695,-0.8396946565,-0.2188905547,0.2173913043,-0.2458770615,1454.945055,13:50,830
2023/06/29 14:13:51,8.304347826,0.1413043478,8.010869565,7.07839617,-1.977259126,7.032914423,1,6.220724688,160.752975,-0.8396946565,1.34351145,-0.8549618321,-0.2083958021,0.215892054,-0.251874063,1450.549451,13:51,831
2023/06/29 14:13:51,8.336956522,0.1413043478,7.967391304,7.083183722,-1.955715141,7.023339318,1,6.210514224,161.0172626,-0.7480916031,1.664122137,-0.9770992366,-0.2083958021,0.2083958021,-0.2488755622,1453.479853,13:51,831
2023/06/29 14:13:51,8.260869565,0.1847826087,7.989130435,7.056852184,-1.950927588,7.040095751,1,6.200303761,161.2824207,-0.7938931298,0.9923664122,-0.5496183206,-0.2083958021,0.2128935532,-0.2458770615,1454.212454,13:51,831
2023/06/29 14:13:51,8.282608696,0.1630434783,7.989130435,7.083183722,-1.962896469,7.032914423,1,6.190093298,161.5484536,-0.5190839695,1.312977099,-0.7938931298,-0.2083958021,0.2083958021,-0.2548725637,1454.212454,13:51,831
2023/06/29 14:13:51,8.27173913,0.1413043478,8.010869565,7.059245961,-1.970077798,7.035308199,1,6.179882835,161.8153656,-0.9312977099,1.175572519,-0.9770992366,-0.2083958021,0.2188905547,-0.2443778111,1449.81685,13:51,831
2023/06/29 14:13:52,8.282608696,0.1739130435,8,7.071214841,-1.97486535,7.035308199,1,6.169672372,162.0831609,-0.6870229008,1.465648855,-0.9312977099,-0.2053973013,0.2113943028,-0.2488755622,1452.014652,13:52,832
2023/06/29 14:13:52,8.206521739,0.2391304348,8,7.080789946,-1.991621783,7.049670856,1,6.154356677,162.4865201,-0.5496183206,0.8091603053,-0.6259541985,-0.2113943028,0.2218890555,-0.23988006,1452.747253,13:52,832
2023/06/29 14:13:52,8.260869565,0.1630434783,8.032608696,7.068821065,-1.938958707,7.025733094,1,6.149251445,162.6214197,-0.7786259542,0.9312977099,-0.7022900763,-0.215892054,0.2128935532,-0.2458770615,1448.351648,13:52,832
2023/06/29 14:13:52,8.304347826,0.1630434783,8.010869565,7.066427289,-1.960502693,7.042489527,1,6.139040982,162.8918919,-0.3358778626,1.099236641,-0.9160305344,-0.2143928036,0.215892054,-0.2428785607,1446.886447,13:52,832
2023/06/29 14:13:52,8.22826087,0.1630434783,7.989130435,7.083183722,-1.960502693,7.02812687,1,6.128830519,163.1632653,-0.8549618321,0.9312977099,-0.427480916,-0.2173913043,0.2173913043,-0.2383808096,1450.549451,13:52,832
2023/06/29 14:13:53,8.282608696,0.1630434783,8.010869565,7.090365051,-1.979652902,7.037701975,1,6.118620056,163.4355444,-0.534351145,1.190839695,-0.7633587786,-0.2083958021,0.215892054,-0.2413793103,1447.619048,13:53,833
2023/06/29 14:13:53,8.293478261,0.1195652174,8.010869565,7.068821065,-1.97486535,7.04727708,1,6.108409593,163.7087338,-0.5648854962,1.236641221,-1.022900763,-0.2143928036,0.215892054,-0.2473763118,1446.886447,13:53,833
2023/06/29 14:13:53,8.260869565,0.2065217391,8,7.095152603,-1.982046679,7.030520646,1,6.093093898,164.1202346,-0.641221374,0.6717557252,-0.9312977099,-0.2098950525,0.2233883058,-0.23988006,1449.81685,13:53,833
2023/06/29 14:13:53,8.293478261,0.1195652174,8.010869565,7.073608618,-1.958108917,7.035308199,1,6.087988666,164.2578616,-0.9007633588,1.389312977,-0.5038167939,-0.2083958021,0.2128935532,-0.2458770615,1447.619048,13:53,833
2023/06/29 14:13:53,8.282608696,0.1847826087,7.989130435,7.076002394,-1.962896469,7.030520646,1,6.072672972,164.6721311,-0.5190839695,0.9923664122,-0.9312977099,-0.2083958021,0.2143928036,-0.2458770615,1451.282051,13:53,833
2023/06/29 14:13:54,8.25,0.1630434783,7.989130435,7.102333932,-1.979652902,7.023339318,1,6.062462508,164.9494737,-0.7938931298,1.20610687,-0.3664122137,-0.2113943028,0.2128935532,-0.2458770615,1452.747253,13:54,834
2023/06/29 14:13:54,8.304347826,0.1304347826,8,7.092758827,-1.965290245,7.013764213,1,6.052252045,165.227752,-0.7328244275,1.267175573,-1.160305344,-0.2023988006,0.2218890555,-0.2488755622,1452.747253,13:54,834
2023/06/29 14:13:54,8.315217391,0.152173913,7.97826087,7.121484141,-2.003590664,7.016157989,1,6.042041582,165.5069708,-0.7633587786,1.557251908,-1.099236641,-0.2098950525,0.2113943028,-0.2503748126,1457.142857,13:54,834
2023/06/29 14:13:54,8.27173913,0.1739130435,8.02173913,7.076002394,-1.972471574,7.037701975,1,6.031831119,165.787135,-0.7633587786,1.06870229,-0.5648854962,-0.2053973013,0.2128935532,-0.251874063,1454.212454,13:54,834
2023/06/29 14:13:54,8.293478261,0.1739130435,7.989130435,7.090365051,-1.958108917,7.025733094,1,6.021620656,166.0682493,-0.534351145,0.8702290076,-0.6106870229,-0.2053973013,0.203898051,-0.2413793103,1454.212454,13:54,834
2023/06/29 14:13:55,8.27173913,0.152173913,7.989130435,7.07839617,-1.958108917,7.023339318,1,6.011410193,166.3503185,-0.6870229008,1.404580153,-0.6106870229,-0.2023988006,0.2173913043,-0.2443778111,1454.212454,13:55,835
2023/06/29 14:13:55,8.27173913,0.1413043478,8.043478261,7.092758827,-1.972471574,7.018551765,1,6.001199729,166.6333475,-0.3511450382,0.641221374,-1.099236641,-0.2008995502,0.2113943028,-0.2383808096,1449.084249,13:55,835
2023/06/29 14:13:55,8.217391304,0.2282608696,8.032608696,7.133453022,-1.99401556,7.013764213,1,5.990989266,166.9173413,-0.5190839695,0.7022900763,-0.7938931298,-0.203898051,0.2113943028,-0.2413793103,1446.886447,13:55,835
2023/06/29 14:13:55,8.260869565,0.1413043478,8.02173913,7.059245961,-1.94374626,7.032914423,1,5.980778803,167.2023047,-0.7938931298,0.8396946565,-0.7022900763,-0.2053973013,0.2113943028,-0.2503748126,1449.81685,13:55,835
2023/06/29 14:13:55,8.282608696,0.1739130435,7.989130435,7.085577499,-1.962896469,7.02812687,1,5.975673571,167.3451516,-0.641221374,0.9465648855,-0.7938931298,-0.2083958021,0.2188905547,-0.2443778111,1452.014652,13:55,835
2023/06/29 14:13:56,8.260869565,0.152173913,7.989130435,7.083183722,-1.97486535,7.035308199,1,5.985884035,167.0597015,-0.7022900763,1.236641221,-0.6259541985,-0.2098950525,0.2338830585,-0.2413793103,1453.479853,13:56,836
2023/06/29 14:13:56,8.25,0.1739130435,8,7.080789946,-1.955715141,7.023339318,1,6.026725887,165.9275731,-0.3511450382,0.2900763359,-0.8091603053,-0.2113943028,0.2188905547,-0.2473763118,1453.479853,13:56,836
2023/06/29 14:13:56,8.239130435,0.2282608696,8.02173913,7.104727708,-1.998803112,7.008976661,1,6.077778203,164.5338093,-0.6717557252,1.72519084,-0.6259541985,-0.2098950525,0.2203898051,-0.2428785607,1452.014652,13:56,836
2023/06/29 14:13:56,8.304347826,0.1413043478,8,7.07839617,-1.965290245,7.032914423,1,6.133935751,163.0274657,-0.3816793893,0.6106870229,-0.7633587786,-0.2068965517,0.2098950525,-0.2443778111,1453.479853,13:56,836
2023/06/29 14:13:56,8.282608696,0.1739130435,8.010869565,7.07839617,-1.950927588,7.025733094,1,6.205408993,161.1497326,-0.9312977099,0.9160305344,-0.534351145,-0.2068965517,0.2173913043,-0.251874063,1449.81685,13:56,836
2023/06/29 14:13:57,8.260869565,0.1847826087,8,7.092758827,-1.982046679,7.035308199,1,6.271777003,159.4444444,-0.534351145,1.236641221,-0.7633587786,-0.2188905547,0.227886057,-0.2383808096,1451.282051,13:57,837
2023/06/29 14:13:57,8.336956522,0.1304347826,8.02173913,7.066427289,-1.962896469,7.032914423,1,6.333039783,157.9020556,-0.8244274809,0.7786259542,-1.297709924,-0.2068965517,0.2218890555,-0.23988006,1452.747253,13:57,837
2023/06/29 14:13:57,8.25,0.1956521739,8.010869565,7.095152603,-1.970077798,7.025733094,1,6.378986867,156.7647059,-0.5954198473,0.9618320611,-0.7022900763,-0.2128935532,0.2188905547,-0.2488755622,1449.084249,13:57,837
2023/06/29 14:13:57,8.27173913,0.1304347826,8,7.066427289,-1.953321364,7.032914423,1,6.435144414,155.396668,-0.7480916031,1.190839695,-0.5801526718,-0.2068965517,0.2128935532,-0.2473763118,1451.282051,13:57,837
2023/06/29 14:13:57,8.304347826,0.1739130435,7.97826087,7.083183722,-1.960502693,7.030520646,1,6.481091499,154.294998,-0.9465648855,1.129770992,-0.5648854962,-0.2128935532,0.2173913043,-0.2533733133,1457.142857,13:57,837
2023/06/29 14:13:58,8.260869565,0.1413043478,7.97826087,7.07839617,-1.977259126,7.040095751,1,6.506617656,153.6896822,-0.5801526718,1.145038168,-0.5801526718,-0.2053973013,0.2173913043,-0.2503748126,1459.340659,13:58,838
2023/06/29 14:13:58,8.293478261,0.1304347826,7.967391304,7.073608618,-1.965290245,7.037701975,1,6.537249046,152.9695431,-0.6870229008,1.465648855,-0.534351145,-0.2113943028,0.2203898051,-0.2503748126,1457.142857,13:58,838
2023/06/29 14:13:58,8.315217391,0.1413043478,7.956521739,7.087971275,-1.982046679,7.032914423,1,6.552564741,152.6119984,-0.9465648855,2.045801527,-1.06870229,-0.2128935532,0.2218890555,-0.2503748126,1460.07326,13:58,838
2023/06/29 14:13:58,8.25,0.1956521739,7.989130435,7.061639737,-1.960502693,7.040095751,1,6.557669972,152.493188,-0.5496183206,0.6870229008,-0.6106870229,-0.2113943028,0.2083958021,-0.2473763118,1457.142857,13:58,838
2023/06/29 14:13:58,8.293478261,0.1630434783,7.97826087,7.085577499,-1.958108917,7.023339318,1,6.578090899,152.0197905,-0.4580152672,1.114503817,-0.6259541985,-0.2188905547,0.2323838081,-0.2458770615,1459.340659,13:58,838
2023/06/29 14:13:59,8.315217391,0.1413043478,7.967391304,7.071214841,-1.962896469,7.025733094,1,6.588301362,151.7841922,-0.7328244275,1.282442748,-0.6717557252,-0.2098950525,0.2263868066,-0.2443778111,1457.875458,13:59,839
2023/06/29 14:13:59,8.293478261,0.1739130435,7.97826087,7.095152603,-1.958108917,7.011370437,1,6.58319613,151.9019,-0.641221374,1.664122137,-0.641221374,-0.2098950525,0.2188905547,-0.2473763118,1460.07326,13:59,839
2023/06/29 14:13:59,8.358695652,0.1304347826,7.945652174,7.068821065,-1.912627169,7.013764213,1,6.588301362,151.7841922,-0.534351145,1.801526718,-0.8091603053,-0.2143928036,0.2143928036,-0.2503748126,1462.271062,13:59,839
2023/06/29 14:13:59,8.282608696,0.1956521739,8,7.102333932,-1.979652902,7.016157989,1,6.58319613,151.9019,-0.7480916031,0.7328244275,-0.5038167939,-0.2068965517,0.2128935532,-0.2503748126,1457.875458,13:59,839
2023/06/29 14:13:59,8.315217391,0.1956521739,7.934782609,7.119090365,-1.991621783,7.013764213,1,6.578090899,152.0197905,-0.4580152672,0.8244274809,-0.8396946565,-0.215892054,0.2203898051,-0.2383808096,1464.468864,13:59,839
2023/06/29 14:14:00,8.27173913,0.152173913,7.956521739,7.090365051,-1.965290245,7.016157989,1,6.562775204,152.3745624,-0.5801526718,1.114503817,-0.8549618321,-0.2068965517,0.2218890555,-0.2413793103,1463.736264,14:00,840
2023/06/29 14:14:00,8.293478261,0.1630434783,7.97826087,7.092758827,-1.962896469,7.023339318,1,6.552564741,152.6119984,-0.5954198473,0.8702290076,-0.8396946565,-0.2053973013,0.2188905547,-0.23988006,1463.003663,14:00,840
2023/06/29 14:14:00,8.239130435,0.1956521739,8,7.143028127,-2.017953321,6.989826451,1,6.542354278,152.8501756,-0.2748091603,0.7022900763,-0.9618320611,-0.2113943028,0.2143928036,-0.2503748126,1458.608059,14:00,840
2023/06/29 14:14:00,8.260869565,0.1413043478,8.010869565,7.104727708,-1.97486535,7.006582885,1,6.537249046,152.9695431,-0.6106870229,1.022900763,-0.7175572519,-0.2113943028,0.2143928036,-0.2443778111,1452.014652,14:00,840
2023/06/29 14:14:00,8.293478261,0.1630434783,7.97826087,7.092758827,-1.955715141,7.011370437,1,6.527038583,153.2088385,-0.320610687,1.114503817,-0.7328244275,-0.2068965517,0.2248875562,-0.2458770615,1457.142857,14:00,840
2023/06/29 14:14:01,8.293478261,0.1413043478,7.989130435,7.092758827,-1.970077798,7.013764213,1,6.51682812,153.4488837,-0.5190839695,0.9465648855,-0.9160305344,-0.2113943028,0.2188905547,-0.2488755622,1455.677656,14:01,841
2023/06/29 14:14:01,8.25,0.2282608696,7.97826087,7.080789946,-1.97486535,7.035308199,1,6.506617656,153.6896822,-0.534351145,0.2748091603,-0.4732824427,-0.215892054,0.2218890555,-0.2428785607,1459.340659,14:01,841
2023/06/29 14:14:01,8.27173913,0.152173913,7.989130435,7.12866547,-2.001196888,6.980251346,1,6.501512425,153.8103651,-0.9465648855,0.9618320611,-0.9160305344,-0.2068965517,0.215892054,-0.23988006,1457.142857,14:01,841
2023/06/29 14:14:01,8.336956522,0.1304347826,7.956521739,7.068821065,-1.986834231,7.049670856,1,6.491301962,154.0523004,-0.5038167939,1.358778626,-0.6106870229,-0.2143928036,0.2248875562,-0.2428785607,1460.805861,14:01,841
2023/06/29 14:14:01,8.304347826,0.1739130435,7.97826087,7.083183722,-1.958108917,7.023339318,1,6.48619673,154.1735537,-0.9312977099,1.175572519,-0.5648854962,-0.2083958021,0.2218890555,-0.251874063,1461.538462,14:01,841
2023/06/29 14:14:02,8.282608696,0.1304347826,7.97826087,7.073608618,-1.979652902,7.037701975,1,6.48619673,154.1735537,-0.5954198473,1.190839695,-0.7480916031,-0.2203898051,0.2173913043,-0.2413793103,1461.538462,14:02,842
2023/06/29 14:14:02,8.239130435,0.2065217391,7.989130435,7.092758827,-1.989228007,7.030520646,1,6.475986267,154.4166338,-0.5801526718,1.190839695,0.04580152672,-0.203898051,0.2023988006,-0.2488755622,1457.875458,14:02,842
2023/06/29 14:14:02,8.293478261,0.152173913,8,7.044883303,-1.938958707,7.035308199,1,6.470881035,154.5384615,-0.7022900763,0.9007633588,-0.7328244275,-0.2113943028,0.2173913043,-0.2473763118,1455.677656,14:02,842
2023/06/29 14:14:02,8.282608696,0.1413043478,7.967391304,7.064033513,-1.972471574,7.035308199,1,6.460670572,154.7826946,-0.2290076336,0.9007633588,-0.8549618321,-0.2023988006,0.2113943028,-0.2458770615,1455.677656,14:02,842
2023/06/29 14:14:02,8.282608696,0.1739130435,8,7.083183722,-1.960502693,7.016157989,1,6.455565341,154.9051008,-0.6870229008,1.221374046,-0.5801526718,-0.2068965517,0.2188905547,-0.2488755622,1454.945055,14:02,842
2023/06/29 14:14:03,8.27173913,0.1413043478,7.945652174,7.083183722,-1.984440455,7.032914423,1,6.455565341,154.9051008,-0.6564885496,1.465648855,-0.5954198473,-0.1979010495,0.215892054,-0.2443778111,1459.340659,14:03,843
2023/06/29 14:14:03,8.326086957,0.1304347826,7.989130435,7.083183722,-1.979652902,7.032914423,1,6.450460109,155.0277008,-0.6717557252,0.7328244275,-0.6259541985,-0.2173913043,0.227886057,-0.2488755622,1457.142857,14:03,843
2023/06/29 14:14:03,8.27173913,0.1739130435,7.967391304,7.064033513,-1.982046679,7.020945542,1,6.440249646,155.2734839,-0.9007633588,0.9312977099,-0.8244274809,-0.2128935532,0.2128935532,-0.2503748126,1456.410256,14:03,843
2023/06/29 14:14:03,8.282608696,0.1195652174,7.989130435,7.071214841,-1.953321364,7.030520646,1,6.440249646,155.2734839,-0.8091603053,1.038167939,-0.9618320611,-0.2083958021,0.2188905547,-0.251874063,1455.677656,14:03,843
2023/06/29 14:14:03,8.315217391,0.1413043478,7.97826087,7.068821065,-1.950927588,7.018551765,1,6.435144414,155.396668,-0.7480916031,1.160305344,-0.7480916031,-0.2173913043,0.2203898051,-0.2488755622,1458.608059,14:03,843
2023/06/29 14:14:04,8.25,0.152173913,7.956521739,7.097546379,-1.970077798,7.023339318,1,6.430039183,155.5200476,-0.5954198473,0.9465648855,-0.7633587786,-0.2068965517,0.2128935532,-0.2503748126,1460.805861,14:04,844
2023/06/29 14:14:04,8.27173913,0.1630434783,7.967391304,7.104727708,-1.967684022,7.008976661,1,6.424933951,155.6436234,-0.5954198473,1.312977099,-0.427480916,-0.2053973013,0.2323838081,-0.2488755622,1457.875458,14:04,844
2023/06/29 14:14:04,8.369565217,0.09782608696,7.956521739,7.092758827,-1.958108917,7.013764213,1,6.419828719,155.7673956,-0.7022900763,1.511450382,-0.6870229008,-0.2098950525,0.2263868066,-0.2473763118,1460.805861,14:04,844
2023/06/29 14:14:04,8.27173913,0.1847826087,7.956521739,7.061639737,-1.941352484,7.032914423,1,6.414723488,155.8913649,-0.5038167939,0.641221374,-0.5648854962,-0.2113943028,0.2188905547,-0.2443778111,1462.271062,14:04,844
2023/06/29 14:14:04,8.293478261,0.1847826087,7.945652174,7.092758827,-1.965290245,7.011370437,1,6.404513025,156.1398964,-0.6106870229,1.145038168,-0.8244274809,-0.2143928036,0.2233883058,-0.23988006,1463.736264,14:04,844
2023/06/29 14:14:05,8.326086957,0.1413043478,7.945652174,7.083183722,-1.953321364,7.011370437,1,6.399407793,156.2644595,-0.6106870229,0.7938931298,-0.6259541985,-0.2173913043,0.215892054,-0.2473763118,1463.736264,14:05,845
2023/06/29 14:14:05,8.282608696,0.1847826087,7.967391304,7.102333932,-1.960502693,7.004189108,1,6.394302562,156.3892216,-0.6259541985,1.312977099,-1.053435115,-0.2113943028,0.2203898051,-0.2413793103,1460.07326,14:05,845
2023/06/29 14:14:05,8.347826087,0.0652173913,7.945652174,7.083183722,-1.922202274,7.001795332,1,6.394302562,156.3892216,-0.641221374,0.9618320611,-0.7938931298,-0.2113943028,0.215892054,-0.2413793103,1462.271062,14:05,845
2023/06/29 14:14:05,8.282608696,0.1739130435,7.97826087,7.099940156,-1.972471574,7.006582885,1,6.378986867,156.7647059,-0.8854961832,0.9312977099,-0.3664122137,-0.2098950525,0.2233883058,-0.2473763118,1462.271062,14:05,845
2023/06/29 14:14:05,8.282608696,0.1847826087,7.989130435,7.116696589,-1.998803112,7.011370437,1,6.378986867,156.7647059,-0.3511450382,1.129770992,-0.8244274809,-0.215892054,0.2128935532,-0.2428785607,1458.608059,14:05,845
2023/06/29 14:14:06,8.326086957,0.152173913,7.97826087,7.092758827,-1.955715141,7.006582885,1,6.368776404,157.0160321,-0.8091603053,1.175572519,-0.6870229008,-0.2173913043,0.215892054,-0.2413793103,1460.07326,14:06,846
2023/06/29 14:14:06,8.326086957,0.1086956522,7.97826087,7.099940156,-1.972471574,7.023339318,1,6.363671172,157.1419976,-0.7480916031,1.664122137,-0.8549618321,-0.2188905547,0.2263868066,-0.2443778111,1460.805861,14:06,846
2023/06/29 14:14:06,8.326086957,0.1847826087,7.934782609,7.17893477,-2.022740874,6.982645123,1,6.35856594,157.2681654,-0.8854961832,1.664122137,-0.9312977099,-0.2113943028,0.2218890555,-0.2443778111,1466.666667,14:06,846
2023/06/29 14:14:06,8.282608696,0.1739130435,8.010869565,7.111909037,-1.996409336,7.011370437,1,6.348355477,157.5211098,-0.8702290076,1.312977099,-0.8091603053,-0.2173913043,0.2248875562,-0.2368815592,1456.410256,14:06,846
2023/06/29 14:14:06,8.315217391,0.1630434783,7.934782609,7.104727708,-1.960502693,7.008976661,1,6.343250246,157.6478873,-0.5190839695,1.175572519,-0.8549618321,-0.2128935532,0.227886057,-0.2443778111,1463.736264,14:06,846
2023/06/29 14:14:07,8.282608696,0.152173913,7.97826087,7.104727708,-1.962896469,7.006582885,1,6.338145014,157.7748691,-0.7633587786,1.358778626,-0.6870229008,-0.2143928036,0.2233883058,-0.23988006,1463.003663,14:07,847
2023/06/29 14:14:07,8.293478261,0.152173913,7.97826087,7.085577499,-1.953321364,7.011370437,1,6.333039783,157.9020556,-0.7328244275,1.847328244,-0.7328244275,-0.2053973013,0.2173913043,-0.2443778111,1463.003663,14:07,847
2023/06/29 14:14:07,8.358695652,0.1304347826,7.934782609,7.073608618,-1.92459605,7.013764213,1,6.322829319,158.1570448,-0.6259541985,1.72519084,-1.022900763,-0.2128935532,0.2233883058,-0.23988006,1467.399267,14:07,847
2023/06/29 14:14:07,8.282608696,0.1956521739,7.989130435,7.10951526,-1.982046679,7.018551765,1,6.312618856,158.4128589,-0.5648854962,0.7480916031,-0.6259541985,-0.2098950525,0.2143928036,-0.23988006,1461.538462,14:07,847
2023/06/29 14:14:07,8.326086957,0.152173913,7.97826087,7.114302813,-1.979652902,6.999401556,1,6.307513625,158.5410765,-0.5954198473,1.099236641,-0.6259541985,-0.2113943028,0.2188905547,-0.2323838081,1461.538462,14:07,847
2023/06/29 14:14:08,8.315217391,0.152173913,7.97826087,7.090365051,-1.970077798,7.018551765,1,6.302408393,158.6695018,-0.5190839695,1.312977099,-0.7022900763,-0.2098950525,0.2203898051,-0.2428785607,1462.271062,14:08,848
2023/06/29 14:14:08,8.315217391,0.1304347826,7.97826087,7.090365051,-1.965290245,7.025733094,1,6.297303161,158.7981354,-0.7938931298,1.465648855,-0.7328244275,-0.203898051,0.2173913043,-0.23988006,1461.538462,14:08,848
2023/06/29 14:14:08,8.326086957,0.1195652174,7.934782609,7.126271694,-1.996409336,7.006582885,1,6.287092698,159.0560292,-0.6870229008,1.938931298,-0.9923664122,-0.215892054,0.2263868066,-0.251874063,1466.666667,14:08,848
2023/06/29 14:14:08,8.293478261,0.1956521739,7.956521739,7.07839617,-1.970077798,7.02812687,1,6.276882235,159.3147621,-0.8549618321,0.8702290076,-0.2442748092,-0.215892054,0.2113943028,-0.2488755622,1465.201465,14:08,848
2023/06/29 14:14:08,8.304347826,0.152173913,7.97826087,7.092758827,-1.948533812,7.006582885,1,6.271777003,159.4444444,-0.427480916,1.175572519,-0.6870229008,-0.215892054,0.215892054,-0.23988006,1463.003663,14:08,848
2023/06/29 14:14:09,8.293478261,0.1413043478,7.97826087,7.080789946,-1.967684022,7.013764213,1,6.256461309,159.8347613,-0.8702290076,1.06870229,-0.5801526718,-0.2098950525,0.2173913043,-0.23988006,1463.736264,14:09,849
2023/06/29 14:14:09,8.27173913,0.152173913,7.989130435,7.099940156,-1.965290245,7.008976661,1,6.251356077,159.965292,-0.5648854962,0.9312977099,-0.5648854962,-0.2173913043,0.2143928036,-0.2443778111,1459.340659,14:09,849
2023/06/29 14:14:09,8.336956522,0.08695652174,7.967391304,7.090365051,-1.929383603,6.999401556,1,6.246250846,160.096036,-0.6870229008,1.541984733,-0.8091603053,-0.2113943028,0.2173913043,-0.2443778111,1457.142857,14:09,849
2023/06/29 14:14:09,8.293478261,0.1847826087,7.956521739,7.085577499,-1.989228007,7.02812687,1,6.236040382,160.3581662,-0.5496183206,0.8549618321,-0.3053435115,-0.215892054,0.215892054,-0.2488755622,1460.805861,14:09,849
2023/06/29 14:14:09,8.293478261,0.1847826087,7.967391304,7.121484141,-2.001196888,7.006582885,1,6.225829919,160.6211562,-0.3664122137,0.9618320611,-0.7328244275,-0.2113943028,0.2128935532,-0.2443778111,1457.875458,14:09,849
2023/06/29 14:14:10,8.304347826,0.1304347826,7.945652174,7.087971275,-1.970077798,7.013764213,1,6.215619456,160.8850103,-0.4732824427,1.114503817,-0.427480916,-0.2023988006,0.2113943028,-0.251874063,1461.538462,14:10,850
2023/06/29 14:14:10,8.326086957,0.1413043478,7.967391304,7.102333932,-1.977259126,7.013764213,1,6.205408993,161.1497326,-0.7328244275,1.648854962,-0.7633587786,-0.2008995502,0.2218890555,-0.23988006,1457.875458,14:10,850
2023/06/29 14:14:10,8.369565217,0.1304347826,7.913043478,7.145421903,-2.008378217,6.992220227,1,6.19519853,161.4153276,-0.641221374,2.030534351,-0.8396946565,-0.2083958021,0.215892054,-0.2473763118,1465.934066,14:10,850
2023/06/29 14:14:10,8.27173913,0.1739130435,7.967391304,7.097546379,-1.977259126,7.008976661,1,6.190093298,161.5484536,-0.641221374,0.7480916031,-0.3053435115,-0.2203898051,0.2188905547,-0.2443778111,1460.07326,14:10,850
2023/06/29 14:14:10,8.27173913,0.1739130435,7.967391304,7.102333932,-1.962896469,6.999401556,1,6.190093298,161.5484536,-0.2748091603,1.221374046,-1.099236641,-0.2098950525,0.2173913043,-0.2443778111,1460.07326,14:10,850
2023/06/29 14:14:11,8.326086957,0.1413043478,7.97826087,7.099940156,-1.958108917,6.999401556,1,6.169672372,162.0831609,-1.06870229,0.9923664122,-0.641221374,-0.2113943028,0.2203898051,-0.2458770615,1462.271062,14:11,851
2023/06/29 14:14:11,8.282608696,0.2391304348,7.97826087,7.085577499,-1.97486535,7.006582885,1,6.16456714,162.2173913,-0.213740458,0.2290076336,-0.320610687,-0.2128935532,0.2248875562,-0.2473763118,1462.271062,14:11,851
2023/06/29 14:14:11,8.293478261,0.152173913,7.989130435,7.140634351,-1.986834231,6.965888689,1,6.149251445,162.6214197,-0.9312977099,0.9923664122,-0.6717557252,-0.215892054,0.2113943028,-0.2353823088,1458.608059,14:11,851
2023/06/29 14:14:11,8.293478261,0.1304347826,7.97826087,7.102333932,-1.991621783,7.020945542,1,6.144146214,162.7565434,-0.3511450382,1.251908397,-0.7328244275,-0.2113943028,0.2188905547,-0.2383808096,1460.805861,14:11,851
2023/06/29 14:14:11,8.293478261,0.1739130435,7.97826087,7.107121484,-1.955715141,6.992220227,1,6.139040982,162.8918919,-0.9312977099,1.236641221,-0.6717557252,-0.2143928036,0.2203898051,-0.23988006,1461.538462,14:11,851
2023/06/29 14:14:12,8.315217391,0.152173913,7.967391304,7.085577499,-1.982046679,7.025733094,1,6.123725287,163.2992914,-0.9770992366,1.893129771,-0.5496183206,-0.2023988006,0.215892054,-0.2458770615,1458.608059,14:12,852
2023/06/29 14:14:12,8.380434783,0.09782608696,7.913043478,7.061639737,-1.922202274,7.018551765,1,6.118620056,163.4355444,-0.9312977099,1.358778626,-0.7633587786,-0.2128935532,0.215892054,-0.2428785607,1465.934066,14:12,852
2023/06/29 14:14:12,8.293478261,0.1739130435,7.97826087,7.099940156,-2.003590664,7.008976661,1,6.108409593,163.7087338,-0.8091603053,1.251908397,-0.5801526718,-0.2128935532,0.215892054,-0.2488755622,1463.736264,14:12,852
2023/06/29 14:14:12,8.293478261,0.1847826087,7.945652174,7.111909037,-2.010771993,7.011370437,1,6.09819913,163.982838,-0.3358778626,1.190839695,-0.7938931298,-0.2068965517,0.2173913043,-0.2473763118,1464.468864,14:12,852
2023/06/29 14:14:12,8.326086957,0.1413043478,7.989130435,7.099940156,-1.970077798,7.004189108,1,6.093093898,164.1202346,-0.534351145,1.129770992,-0.8396946565,-0.215892054,0.2173913043,-0.2458770615,1458.608059,14:12,852
2023/06/29 14:14:13,8.304347826,0.1847826087,7.967391304,7.107121484,-1.984440455,7.018551765,1,6.082883435,164.3957197,-0.9618320611,2.076335878,-1.374045802,-0.2083958021,0.2083958021,-0.2503748126,1457.142857,14:13,853
2023/06/29 14:14:13,8.260869565,0.1630434783,8.076086957,7.040095751,-1.912627169,7.052064632,1,6.082883435,164.3957197,-0.1679389313,5.938931298,-2.091603053,-0.2098950525,0.2068965517,-0.2503748126,1446.886447,14:13,853
2023/06/29 14:14:13,8.130434783,0.1086956522,8.065217391,6.934769599,-2.015559545,7.121484141,1,6.077778203,164.5338093,1.58778626,2.503816794,0.2442748092,-0.2008995502,0.2128935532,-0.2488755622,1443.956044,14:13,853
2023/06/29 14:14:13,8.391304348,0.2282608696,8.391304348,6.891681628,-1.960502693,7.399162178,1,6.06756774,164.8106857,5.557251908,-5.58778626,-4.305343511,-0.1934032984,0.2323838081,-0.2548725637,1399.267399,14:13,853
2023/06/29 14:14:13,8.141304348,0.4891304348,8.358695652,6.965888689,-1.512866547,7.265110712,1,6.062462508,164.9494737,2.900763359,18.67175573,-13.2519084,-0.1934032984,0.2008995502,-0.2533733133,1380.952381,14:13,853
2023/06/29 14:14:14,7.510869565,1.282608696,8.684782609,6.377019749,-0.9886295631,7.906642729,1,6.057357277,165.0884956,3.893129771,10.99236641,-15.80152672,-0.1739130435,0.1964017991,-0.2728635682,1331.135531,14:14,854
2023/06/29 14:14:14,8.25,1.369565217,8.97826087,5.938958707,-0.7277079593,7.863554758,1,6.047146814,165.3672436,-3.34351145,14.21374046,-17.12977099,-0.1574212894,0.1784107946,-0.2713643178,1267.399267,14:14,854
2023/06/29 14:14:14,7.163043478,1.423913043,8.782608696,6.460801915,-0.605625374,8.016756433,1,6.036936351,165.6469345,-11.66412214,9.618320611,-28.27480916,-0.1574212894,0.1844077961,-0.2683658171,1266.666667,14:14,854
2023/06/29 14:14:14,6.847826087,2.02173913,9.27173913,5.946140036,-0.2657091562,8.636744464,1,6.031831119,165.787135,-7.251908397,31.38931298,-30.41221374,-0.1289355322,0.179910045,-0.2773613193,1346.520147,14:14,854
2023/06/29 14:14:14,6.217391304,1.945652174,9.608695652,4.521843208,0.01196888091,8.845002992,1,6.021620656,166.0682493,-9.099236641,6.625954198,-5.770992366,-0.09745127436,0.1844077961,-0.2908545727,1348.717949,14:14,854
2023/06/29 14:14:15,6.293478261,1.902173913,9.706521739,4.919210054,0.1915020946,9.177737882,1,6.011410193,166.3503185,-4.854961832,7.847328244,-3.404580153,-0.09745127436,0.1844077961,-0.2773613193,1336.996337,14:15,855
2023/06/29 14:14:15,6.663043478,1.923913043,9.608695652,5.00299222,-0.08138839019,9.081986834,1,6.016515424,166.2091642,-3.72519084,-0.534351145,-1.038167939,-0.09295352324,0.1874062969,-0.2863568216,1346.520147,14:15,855
2023/06/29 14:14:15,6.336956522,1.706521739,9.804347826,5.070017953,-0.1938958707,9.026929982,1,6.021620656,166.0682493,-2.885496183,6.854961832,-6.091603053,-0.09445277361,0.1964017991,-0.2743628186,1329.67033,14:15,855
2023/06/29 14:14:15,6.119565217,1.663043478,9.826086957,4.775583483,-0.09096349491,9.125074806,1,6.062462508,164.9494737,-1.06870229,6.610687023,-1.648854962,-0.08395802099,0.1889055472,-0.275862069,1316.483516,14:15,855
2023/06/29 14:14:15,6.010869565,1.706521739,10,4.598444045,-0.04548174746,9.213644524,1,6.128830519,163.1632653,-1.480916031,4.427480916,-0.6259541985,-0.07796101949,0.1949025487,-0.2833583208,1285.714286,14:15,855
2023/06/29 14:14:16,5.956521739,1.836956522,10.01086957,4.488330341,-0.1172950329,9.326152005,1,6.220724688,160.752975,1.328244275,7.297709924,2.152671756,-0.07346326837,0.203898051,-0.2773613193,1267.399267,14:16,856
2023/06/29 14:14:16,5.880434783,1.804347826,10.01086957,4.469180132,-0.078994614,9.342908438,1,6.312618856,158.4128589,-0.6259541985,4.717557252,-0.4885496183,-0.06896551724,0.1904047976,-0.2953523238,1257.875458,14:16,856
2023/06/29 14:14:16,5.75,1.815217391,10.04347826,4.287253142,-0.07181328546,9.4171155,1,6.414723488,155.8913649,-1.404580153,2.519083969,-0.8702290076,-0.06746626687,0.2008995502,-0.2848575712,1251.282051,14:16,856